#-----------------------------------------------------------
# Vivado v2023.2 (64-bit)
# SW Build 4029153 on Fri Oct 13 20:14:34 MDT 2023
# IP Build 4028589 on Sat Oct 14 00:45:43 MDT 2023
# SharedData Build 4025554 on Tue Oct 10 17:18:54 MDT 2023
# Start of session at: Mon Jan  8 11:04:35 2024
# Process ID: 9240
# Current directory: C:/Users/Neutral/Documents/TR sisdig/project_2
# Command line: vivado.exe -gui_launcher_event rodinguilauncherevent15928 C:\Users\Neutral\Documents\TR sisdig\project_2\project_2.xpr
# Log file: C:/Users/Neutral/Documents/TR sisdig/project_2/vivado.log
# Journal file: C:/Users/Neutral/Documents/TR sisdig/project_2\vivado.jou
# Running On: LAPTOP-LJSKPGIK, OS: Windows, CPU Frequency: 3194 MHz, CPU Physical cores: 16, Host memory: 16476 MB
#-----------------------------------------------------------
start_gui
open_project {C:/Users/Neutral/Documents/TR sisdig/project_2/project_2.xpr}
WARNING: [Board 49-26] cannot add Board Part digilentinc.com:genesys2:part0:1.1 available at C:/Xilinx/Vivado/2023.2/data/boards/board_files/genesys2/H/board.xml as part xc7k325tffg900-2 specified in board_part file is either invalid or not available
WARNING: [Board 49-26] cannot add Board Part digilentinc.com:sword:part0:1.0 available at C:/Xilinx/Vivado/2023.2/data/boards/board_files/sword/C.0/board.xml as part xc7k325tffg900-2 specified in board_part file is either invalid or not available
WARNING: [Board 49-26] cannot add Board Part xilinx.com:kc705:part0:1.6 available at C:/Xilinx/Vivado/2023.2/data/xhub/boards/XilinxBoardStore/boards/Xilinx/kc705/1.6/board.xml as part xc7k325tffg900-2 specified in board_part file is either invalid or not available
WARNING: [Board 49-26] cannot add Board Part xilinx.com:kcu105:part0:1.6 available at C:/Xilinx/Vivado/2023.2/data/xhub/boards/XilinxBoardStore/boards/Xilinx/kcu105/1.6/board.xml as part xcku040-ffva1156-2-e specified in board_part file is either invalid or not available
WARNING: [Board 49-26] cannot add Board Part xilinx.com:kcu105:part0:1.7 available at C:/Xilinx/Vivado/2023.2/data/xhub/boards/XilinxBoardStore/boards/Xilinx/kcu105/1.7/board.xml as part xcku040-ffva1156-2-e specified in board_part file is either invalid or not available
WARNING: [Board 49-26] cannot add Board Part xilinx.com:kcu1500:part0:1.2 available at C:/Xilinx/Vivado/2023.2/data/xhub/boards/XilinxBoardStore/boards/Xilinx/kcu1500/1.2/board.xml as part xcku115-flvb2104-2-e specified in board_part file is either invalid or not available
WARNING: [Board 49-26] cannot add Board Part xilinx.com:vc707:part0:1.4 available at C:/Xilinx/Vivado/2023.2/data/xhub/boards/XilinxBoardStore/boards/Xilinx/vc707/1.4/board.xml as part xc7vx485tffg1761-2 specified in board_part file is either invalid or not available
WARNING: [Board 49-26] cannot add Board Part xilinx.com:vc709:part0:1.8 available at C:/Xilinx/Vivado/2023.2/data/xhub/boards/XilinxBoardStore/boards/Xilinx/vc709/1.8/board.xml as part xc7vx690tffg1761-2 specified in board_part file is either invalid or not available
WARNING: [Board 49-26] cannot add Board Part xilinx.com:vck190:part0:2.2 available at C:/Xilinx/Vivado/2023.2/data/xhub/boards/XilinxBoardStore/boards/Xilinx/vck190/production/2.2/board.xml as part xcvc1902-vsva2197-2mp-e-s specified in board_part file is either invalid or not available
WARNING: [Board 49-26] cannot add Board Part xilinx.com:vck190:part0:3.0 available at C:/Xilinx/Vivado/2023.2/data/xhub/boards/XilinxBoardStore/boards/Xilinx/vck190/production/3.0/board.xml as part xcvc1902-vsva2197-2mp-e-s specified in board_part file is either invalid or not available
WARNING: [Board 49-26] cannot add Board Part xilinx.com:vck190:part0:3.1 available at C:/Xilinx/Vivado/2023.2/data/xhub/boards/XilinxBoardStore/boards/Xilinx/vck190/production/3.1/board.xml as part xcvc1902-vsva2197-2mp-e-s specified in board_part file is either invalid or not available
WARNING: [Board 49-26] cannot add Board Part xilinx.com:vck190:part0:3.2 available at C:/Xilinx/Vivado/2023.2/data/xhub/boards/XilinxBoardStore/boards/Xilinx/vck190/production/3.2/board.xml as part xcvc1902-vsva2197-2mp-e-s specified in board_part file is either invalid or not available
WARNING: [Board 49-26] cannot add Board Part xilinx.com:vck190_newl:part0:1.0 available at C:/Xilinx/Vivado/2023.2/data/xhub/boards/XilinxBoardStore/boards/Xilinx/vck190_newl/production/1.0/board.xml as part xcvc1902-vsva2197-2mp-e-s specified in board_part file is either invalid or not available
WARNING: [Board 49-26] cannot add Board Part xilinx.com:vck190_newl:part0:1.1 available at C:/Xilinx/Vivado/2023.2/data/xhub/boards/XilinxBoardStore/boards/Xilinx/vck190_newl/production/1.1/board.xml as part xcvc1902-vsva2197-2mp-e-s specified in board_part file is either invalid or not available
WARNING: [Board 49-26] cannot add Board Part xilinx.com:vcu108:part0:1.6 available at C:/Xilinx/Vivado/2023.2/data/xhub/boards/XilinxBoardStore/boards/Xilinx/vcu108/1.6/board.xml as part xcvu095-ffva2104-2-e specified in board_part file is either invalid or not available
WARNING: [Board 49-26] cannot add Board Part xilinx.com:vcu108:part0:1.7 available at C:/Xilinx/Vivado/2023.2/data/xhub/boards/XilinxBoardStore/boards/Xilinx/vcu108/1.7/board.xml as part xcvu095-ffva2104-2-e specified in board_part file is either invalid or not available
WARNING: [Board 49-26] cannot add Board Part xilinx.com:vcu110:part0:1.4 available at C:/Xilinx/Vivado/2023.2/data/xhub/boards/XilinxBoardStore/boards/Xilinx/vcu110/1.4/board.xml as part xcvu190-flgc2104-2-e specified in board_part file is either invalid or not available
WARNING: [Board 49-26] cannot add Board Part xilinx.com:vcu118:part0:2.0 available at C:/Xilinx/Vivado/2023.2/data/xhub/boards/XilinxBoardStore/boards/Xilinx/vcu118/2.0/board.xml as part xcvu9p-flga2104-2l-e specified in board_part file is either invalid or not available
WARNING: [Board 49-26] cannot add Board Part xilinx.com:vcu118:part0:2.3 available at C:/Xilinx/Vivado/2023.2/data/xhub/boards/XilinxBoardStore/boards/Xilinx/vcu118/2.3/board.xml as part xcvu9p-flga2104-2l-e specified in board_part file is either invalid or not available
WARNING: [Board 49-26] cannot add Board Part xilinx.com:vcu118:part0:2.4 available at C:/Xilinx/Vivado/2023.2/data/xhub/boards/XilinxBoardStore/boards/Xilinx/vcu118/2.4/board.xml as part xcvu9p-flga2104-2l-e specified in board_part file is either invalid or not available
WARNING: [Board 49-26] cannot add Board Part xilinx.com:vcu129:part0:1.0 available at C:/Xilinx/Vivado/2023.2/data/xhub/boards/XilinxBoardStore/boards/Xilinx/vcu129/production/1.0/board.xml as part xcvu29p-fsga2577-2l-e specified in board_part file is either invalid or not available
WARNING: [Board 49-26] cannot add Board Part xilinx.com:vcu1525:part0:1.3 available at C:/Xilinx/Vivado/2023.2/data/xhub/boards/XilinxBoardStore/boards/Xilinx/vcu1525/1.3/board.xml as part xcvu9p-fsgd2104-2l-e specified in board_part file is either invalid or not available
WARNING: [Board 49-26] cannot add Board Part xilinx.com:vek280:part0:1.0 available at C:/Xilinx/Vivado/2023.2/data/xhub/boards/XilinxBoardStore/boards/Xilinx/vek280/production/1.0/board.xml as part xcve2802-vsvh1760-2mp-e-s specified in board_part file is either invalid or not available
WARNING: [Board 49-26] cannot add Board Part xilinx.com:vek280_es:part0:1.0 available at C:/Xilinx/Vivado/2023.2/data/xhub/boards/XilinxBoardStore/boards/Xilinx/vek280/es/rev_a/1.0/board.xml as part xcve2802-vsvh1760-2lp-e-s-es1 specified in board_part file is either invalid or not available
WARNING: [Board 49-26] cannot add Board Part xilinx.com:vek280_es:part0:1.1 available at C:/Xilinx/Vivado/2023.2/data/xhub/boards/XilinxBoardStore/boards/Xilinx/vek280/es/rev_a/1.1/board.xml as part xcve2802-vsvh1760-2lp-e-s-es1 specified in board_part file is either invalid or not available
WARNING: [Board 49-26] cannot add Board Part xilinx.com:vek280_es_revb:part0:1.0 available at C:/Xilinx/Vivado/2023.2/data/xhub/boards/XilinxBoardStore/boards/Xilinx/vek280/es/rev_b/1.0/board.xml as part xcve2802-vsvh1760-2mp-e-s-es1 specified in board_part file is either invalid or not available
WARNING: [Board 49-26] cannot add Board Part xilinx.com:vek280_es_revb:part0:1.1 available at C:/Xilinx/Vivado/2023.2/data/xhub/boards/XilinxBoardStore/boards/Xilinx/vek280/es/rev_b/1.1/board.xml as part xcve2802-vsvh1760-2mp-e-s-es1 specified in board_part file is either invalid or not available
WARNING: [Board 49-26] cannot add Board Part xilinx.com:vermeo_t1_mpsoc:part0:1.0 available at C:/Xilinx/Vivado/2023.2/data/xhub/boards/XilinxBoardStore/boards/Xilinx/vermeo_t1_mpsoc/1.0/board.xml as part xczu19eg-ffvd1760-2l-e specified in board_part file is either invalid or not available
WARNING: [Board 49-26] cannot add Board Part xilinx.com:vermeo_t1_rfsoc:part0:1.0 available at C:/Xilinx/Vivado/2023.2/data/xhub/boards/XilinxBoardStore/boards/Xilinx/vermeo_t1_rfsoc/1.0/board.xml as part xczu21dr-ffvd1156-2l-e specified in board_part file is either invalid or not available
WARNING: [Board 49-26] cannot add Board Part xilinx.com:vhk158:part0:1.0 available at C:/Xilinx/Vivado/2023.2/data/xhub/boards/XilinxBoardStore/boards/Xilinx/vhk158/production/1.0/board.xml as part xcvh1582-vsva3697-2mp-e-s specified in board_part file is either invalid or not available
WARNING: [Board 49-26] cannot add Board Part xilinx.com:vhk158:part0:1.1 available at C:/Xilinx/Vivado/2023.2/data/xhub/boards/XilinxBoardStore/boards/Xilinx/vhk158/production/1.1/board.xml as part xcvh1582-vsva3697-2mp-e-s specified in board_part file is either invalid or not available
WARNING: [Board 49-26] cannot add Board Part xilinx.com:vhk158_es:part0:1.0 available at C:/Xilinx/Vivado/2023.2/data/xhub/boards/XilinxBoardStore/boards/Xilinx/vhk158/es/1.0/board.xml as part xcvh1582-vsva3697-2mp-e-s-es1 specified in board_part file is either invalid or not available
WARNING: [Board 49-26] cannot add Board Part xilinx.com:vhk158_es:part0:1.1 available at C:/Xilinx/Vivado/2023.2/data/xhub/boards/XilinxBoardStore/boards/Xilinx/vhk158/es/1.1/board.xml as part xcvh1582-vsva3697-2mp-e-s-es1 specified in board_part file is either invalid or not available
WARNING: [Board 49-26] cannot add Board Part xilinx.com:vmk180:part0:2.2 available at C:/Xilinx/Vivado/2023.2/data/xhub/boards/XilinxBoardStore/boards/Xilinx/vmk180/production/2.2/board.xml as part xcvm1802-vsva2197-2mp-e-s specified in board_part file is either invalid or not available
WARNING: [Board 49-26] cannot add Board Part xilinx.com:vmk180:part0:3.0 available at C:/Xilinx/Vivado/2023.2/data/xhub/boards/XilinxBoardStore/boards/Xilinx/vmk180/production/3.0/board.xml as part xcvm1802-vsva2197-2mp-e-s specified in board_part file is either invalid or not available
WARNING: [Board 49-26] cannot add Board Part xilinx.com:vmk180:part0:3.1 available at C:/Xilinx/Vivado/2023.2/data/xhub/boards/XilinxBoardStore/boards/Xilinx/vmk180/production/3.1/board.xml as part xcvm1802-vsva2197-2mp-e-s specified in board_part file is either invalid or not available
WARNING: [Board 49-26] cannot add Board Part xilinx.com:vmk180:part0:3.2 available at C:/Xilinx/Vivado/2023.2/data/xhub/boards/XilinxBoardStore/boards/Xilinx/vmk180/production/3.2/board.xml as part xcvm1802-vsva2197-2mp-e-s specified in board_part file is either invalid or not available
WARNING: [Board 49-26] cannot add Board Part xilinx.com:vmk180_newl:part0:1.0 available at C:/Xilinx/Vivado/2023.2/data/xhub/boards/XilinxBoardStore/boards/Xilinx/vmk180_newl/production/1.0/board.xml as part xcvm1802-vsva2197-2mp-e-s specified in board_part file is either invalid or not available
WARNING: [Board 49-26] cannot add Board Part xilinx.com:vmk180_newl:part0:1.1 available at C:/Xilinx/Vivado/2023.2/data/xhub/boards/XilinxBoardStore/boards/Xilinx/vmk180_newl/production/1.1/board.xml as part xcvm1802-vsva2197-2mp-e-s specified in board_part file is either invalid or not available
WARNING: [Board 49-26] cannot add Board Part xilinx.com:vpk120:part0:1.0 available at C:/Xilinx/Vivado/2023.2/data/xhub/boards/XilinxBoardStore/boards/Xilinx/vpk120/production/1.0/board.xml as part xcvp1202-vsva2785-2mp-e-s specified in board_part file is either invalid or not available
WARNING: [Board 49-26] cannot add Board Part xilinx.com:vpk120:part0:1.1 available at C:/Xilinx/Vivado/2023.2/data/xhub/boards/XilinxBoardStore/boards/Xilinx/vpk120/production/1.1/board.xml as part xcvp1202-vsva2785-2mp-e-s specified in board_part file is either invalid or not available
WARNING: [Board 49-26] cannot add Board Part xilinx.com:vpk120:part0:1.2 available at C:/Xilinx/Vivado/2023.2/data/xhub/boards/XilinxBoardStore/boards/Xilinx/vpk120/production/1.2/board.xml as part xcvp1202-vsva2785-2mp-e-s specified in board_part file is either invalid or not available
WARNING: [Board 49-26] cannot add Board Part xilinx.com:vpk180:part0:1.0 available at C:/Xilinx/Vivado/2023.2/data/xhub/boards/XilinxBoardStore/boards/Xilinx/vpk180/production/1.0/board.xml as part xcvp1802-lsvc4072-2mp-e-s specified in board_part file is either invalid or not available
WARNING: [Board 49-26] cannot add Board Part xilinx.com:vpk180:part0:1.1 available at C:/Xilinx/Vivado/2023.2/data/xhub/boards/XilinxBoardStore/boards/Xilinx/vpk180/production/1.1/board.xml as part xcvp1802-lsvc4072-2mp-e-s specified in board_part file is either invalid or not available
WARNING: [Board 49-26] cannot add Board Part xilinx.com:zc706:part0:1.4 available at C:/Xilinx/Vivado/2023.2/data/xhub/boards/XilinxBoardStore/boards/Xilinx/zc706/1.4/board.xml as part xc7z045ffg900-2 specified in board_part file is either invalid or not available
WARNING: [Board 49-26] cannot add Board Part xilinx.com:zcu102:part0:3.3 available at C:/Xilinx/Vivado/2023.2/data/xhub/boards/XilinxBoardStore/boards/Xilinx/zcu102/3.3/board.xml as part xczu9eg-ffvb1156-2-e specified in board_part file is either invalid or not available
WARNING: [Board 49-26] cannot add Board Part xilinx.com:zcu102:part0:3.4 available at C:/Xilinx/Vivado/2023.2/data/xhub/boards/XilinxBoardStore/boards/Xilinx/zcu102/3.4/board.xml as part xczu9eg-ffvb1156-2-e specified in board_part file is either invalid or not available
WARNING: [Board 49-26] cannot add Board Part xilinx.com:zcu111:part0:1.2 available at C:/Xilinx/Vivado/2023.2/data/xhub/boards/XilinxBoardStore/boards/Xilinx/zcu111/1.2/board.xml as part xczu28dr-ffvg1517-2-e specified in board_part file is either invalid or not available
WARNING: [Board 49-26] cannot add Board Part xilinx.com:zcu111:part0:1.3 available at C:/Xilinx/Vivado/2023.2/data/xhub/boards/XilinxBoardStore/boards/Xilinx/zcu111/1.3/board.xml as part xczu28dr-ffvg1517-2-e specified in board_part file is either invalid or not available
WARNING: [Board 49-26] cannot add Board Part xilinx.com:zcu111:part0:1.4 available at C:/Xilinx/Vivado/2023.2/data/xhub/boards/XilinxBoardStore/boards/Xilinx/zcu111/1.4/board.xml as part xczu28dr-ffvg1517-2-e specified in board_part file is either invalid or not available
WARNING: [Board 49-26] cannot add Board Part xilinx.com:zcu1275:part0:1.0 available at C:/Xilinx/Vivado/2023.2/data/xhub/boards/XilinxBoardStore/boards/Xilinx/zcu1275/1.0/board.xml as part xczu29dr-ffvf1760-2-e specified in board_part file is either invalid or not available
WARNING: [Board 49-26] cannot add Board Part xilinx.com:zcu1285:part0:1.0 available at C:/Xilinx/Vivado/2023.2/data/xhub/boards/XilinxBoardStore/boards/Xilinx/zcu1285/1.0/board.xml as part xczu39dr-ffvf1760-2-i specified in board_part file is either invalid or not available
WARNING: [Board 49-26] cannot add Board Part xilinx.com:zcu208:part0:2.0 available at C:/Xilinx/Vivado/2023.2/data/xhub/boards/XilinxBoardStore/boards/Xilinx/zcu208/production/2.0/board.xml as part xczu48dr-fsvg1517-2-e specified in board_part file is either invalid or not available
WARNING: [Board 49-26] cannot add Board Part xilinx.com:zcu208ld:part0:2.0 available at C:/Xilinx/Vivado/2023.2/data/xhub/boards/XilinxBoardStore/boards/Xilinx/zcu208ld/production/2.0/board.xml as part xczu58dr-fsvg1517-2-i specified in board_part file is either invalid or not available
WARNING: [Board 49-26] cannot add Board Part xilinx.com:zcu216:part0:2.0 available at C:/Xilinx/Vivado/2023.2/data/xhub/boards/XilinxBoardStore/boards/Xilinx/zcu216/production/2.0/board.xml as part xczu49dr-ffvf1760-2-e specified in board_part file is either invalid or not available
WARNING: [Board 49-26] cannot add Board Part xilinx.com:zcu216ld:part0:2.0 available at C:/Xilinx/Vivado/2023.2/data/xhub/boards/XilinxBoardStore/boards/Xilinx/zcu216ld/production/2.0/board.xml as part xczu59dr-ffvf1760-2-i specified in board_part file is either invalid or not available
WARNING: [Board 49-26] cannot add Board Part xilinx.com:zcu670:part0:2.0 available at C:/Xilinx/Vivado/2023.2/data/xhub/boards/XilinxBoardStore/boards/Xilinx/zcu670/2.0/board.xml as part xczu67dr-fsve1156-2-i specified in board_part file is either invalid or not available
WARNING: [Board 49-26] cannot add Board Part xilinx.com:zcu670ld:part0:1.0 available at C:/Xilinx/Vivado/2023.2/data/xhub/boards/XilinxBoardStore/boards/Xilinx/zcu670ld/1.0/board.xml as part xczu57dr-fsve1156-2-i specified in board_part file is either invalid or not available
INFO: [Project 1-313] Project file moved from 'C:/Users/Neutral/Documents/Untukjonathan/project_2' since last save.
INFO: [filemgmt 56-3] Default IP Output Path : Could not find the directory 'C:/Users/Neutral/Documents/TR sisdig/project_2/project_2.gen/sources_1'.
Scanning sources...
Finished scanning sources
INFO: [IP_Flow 19-234] Refreshing IP repositories
INFO: [IP_Flow 19-1704] No user IP repositories specified
INFO: [IP_Flow 19-2313] Loaded Vivado IP repository 'C:/Xilinx/Vivado/2023.2/data/ip'.
open_project: Time (s): cpu = 00:00:30 ; elapsed = 00:00:22 . Memory (MB): peak = 1589.602 ; gain = 302.402
update_compile_order -fileset sources_1
synth_design -rtl -rtl_skip_mlo -name rtl_1
Command: synth_design -rtl -rtl_skip_mlo -name rtl_1
Starting synth_design
Using part: xc7a100tcsg324-1
Top: PmodENC
INFO: [Device 21-403] Loading part xc7a100tcsg324-1
INFO: [Synth 8-7079] Multithreading enabled for synth_design using a maximum of 2 processes.
INFO: [Synth 8-7078] Launching helper process for spawning children vivado processes
INFO: [Synth 8-7075] Helper process launched with PID 12556
---------------------------------------------------------------------------------
Starting RTL Elaboration : Time (s): cpu = 00:00:11 ; elapsed = 00:00:11 . Memory (MB): peak = 2403.137 ; gain = 427.980
---------------------------------------------------------------------------------
INFO: [Synth 8-638] synthesizing module 'PmodENC' [C:/Users/Neutral/Documents/TR sisdig/project_2/project_2.srcs/sources_1/new/TR.vhd:22]
INFO: [Synth 8-3491] module 'Debouncer' declared at 'C:/Users/Neutral/Documents/TR sisdig/project_2/project_2.srcs/sources_1/new/disp.vhd:8' bound to instance 'C0' of component 'Debouncer' [C:/Users/Neutral/Documents/TR sisdig/project_2/project_2.srcs/sources_1/new/TR.vhd:57]
INFO: [Synth 8-638] synthesizing module 'Debouncer' [C:/Users/Neutral/Documents/TR sisdig/project_2/project_2.srcs/sources_1/new/disp.vhd:19]
INFO: [Synth 8-256] done synthesizing module 'Debouncer' (0#1) [C:/Users/Neutral/Documents/TR sisdig/project_2/project_2.srcs/sources_1/new/disp.vhd:19]
INFO: [Synth 8-3491] module 'Encoder' declared at 'C:/Users/Neutral/Documents/TR sisdig/project_2/project_2.srcs/sources_1/new/wer.vhd:7' bound to instance 'C1' of component 'Encoder' [C:/Users/Neutral/Documents/TR sisdig/project_2/project_2.srcs/sources_1/new/TR.vhd:58]
INFO: [Synth 8-638] synthesizing module 'Encoder' [C:/Users/Neutral/Documents/TR sisdig/project_2/project_2.srcs/sources_1/new/wer.vhd:22]
INFO: [Synth 8-256] done synthesizing module 'Encoder' (0#1) [C:/Users/Neutral/Documents/TR sisdig/project_2/project_2.srcs/sources_1/new/wer.vhd:22]
INFO: [Synth 8-3491] module 'DisplayController' declared at 'C:/Users/Neutral/Documents/TR sisdig/project_2/project_2.srcs/sources_1/new/wwer.vhd:8' bound to instance 'C2' of component 'DisplayController' [C:/Users/Neutral/Documents/TR sisdig/project_2/project_2.srcs/sources_1/new/TR.vhd:59]
INFO: [Synth 8-638] synthesizing module 'DisplayController' [C:/Users/Neutral/Documents/TR sisdig/project_2/project_2.srcs/sources_1/new/wwer.vhd:21]
INFO: [Synth 8-256] done synthesizing module 'DisplayController' (0#1) [C:/Users/Neutral/Documents/TR sisdig/project_2/project_2.srcs/sources_1/new/wwer.vhd:21]
INFO: [Synth 8-256] done synthesizing module 'PmodENC' (0#1) [C:/Users/Neutral/Documents/TR sisdig/project_2/project_2.srcs/sources_1/new/TR.vhd:22]
---------------------------------------------------------------------------------
Finished RTL Elaboration : Time (s): cpu = 00:00:14 ; elapsed = 00:00:15 . Memory (MB): peak = 2509.836 ; gain = 534.680
---------------------------------------------------------------------------------
---------------------------------------------------------------------------------
Start Handling Custom Attributes
---------------------------------------------------------------------------------
---------------------------------------------------------------------------------
Finished Handling Custom Attributes : Time (s): cpu = 00:00:14 ; elapsed = 00:00:16 . Memory (MB): peak = 2509.836 ; gain = 534.680
---------------------------------------------------------------------------------
---------------------------------------------------------------------------------
Finished RTL Optimization Phase 1 : Time (s): cpu = 00:00:14 ; elapsed = 00:00:16 . Memory (MB): peak = 2509.836 ; gain = 534.680
---------------------------------------------------------------------------------
Netlist sorting complete. Time (s): cpu = 00:00:00 ; elapsed = 00:00:00.005 . Memory (MB): peak = 2509.836 ; gain = 0.000
INFO: [Project 1-570] Preparing netlist for logic optimization

Processing XDC Constraints
Initializing timing engine
Parsing XDC File [C:/Users/Neutral/Documents/TR sisdig/project_2/project_2.srcs/constrs_1/new/tr.xdc]
Finished Parsing XDC File [C:/Users/Neutral/Documents/TR sisdig/project_2/project_2.srcs/constrs_1/new/tr.xdc]
Completed Processing XDC Constraints

Netlist sorting complete. Time (s): cpu = 00:00:00 ; elapsed = 00:00:00 . Memory (MB): peak = 2615.703 ; gain = 0.000
INFO: [Project 1-111] Unisim Transformation Summary:
No Unisim elements were transformed.

RTL Elaboration Complete:  : Time (s): cpu = 00:00:23 ; elapsed = 00:00:24 . Memory (MB): peak = 2647.676 ; gain = 672.520
17 Infos, 0 Warnings, 0 Critical Warnings and 0 Errors encountered.
synth_design completed successfully
synth_design: Time (s): cpu = 00:00:28 ; elapsed = 00:00:32 . Memory (MB): peak = 2647.676 ; gain = 1026.574
reset_run synth_1
INFO: [Project 1-1161] Replacing file C:/Users/Neutral/Documents/TR sisdig/project_2/project_2.srcs/utils_1/imports/synth_1/PmodENC.dcp with file C:/Users/Neutral/Documents/TR sisdig/project_2/project_2.runs/synth_1/PmodENC.dcp
WARNING: [filemgmt 56-199] Attempt to get parsing info during refresh. "On-the-fly" syntax checking information may be incorrect. [C:\Users\Neutral\Documents\TR sisdig\project_2\project_2.srcs\sources_1\new\disp.vhd:]
WARNING: [filemgmt 56-199] Attempt to get parsing info during refresh. "On-the-fly" syntax checking information may be incorrect. [C:\Users\Neutral\Documents\TR sisdig\project_2\project_2.srcs\sources_1\new\wwer.vhd:]
WARNING: [filemgmt 56-199] Attempt to get parsing info during refresh. "On-the-fly" syntax checking information may be incorrect. [C:\Users\Neutral\Documents\TR sisdig\project_2\project_2.srcs\sources_1\new\TR.vhd:]
launch_runs impl_1 -to_step write_bitstream -jobs 8
[Mon Jan  8 12:59:59 2024] Launched synth_1...
Run output will be captured here: C:/Users/Neutral/Documents/TR sisdig/project_2/project_2.runs/synth_1/runme.log
[Mon Jan  8 12:59:59 2024] Launched impl_1...
Run output will be captured here: C:/Users/Neutral/Documents/TR sisdig/project_2/project_2.runs/impl_1/runme.log
open_hw_manager
connect_hw_server -allow_non_jtag
INFO: [Labtools 27-2285] Connecting to hw_server url TCP:localhost:3121
INFO: [Labtools 27-2222] Launching hw_server...
INFO: [Labtools 27-2221] Launch Output:
ECHO is off.
ECHO is off.

****** Xilinx hw_server v2023.2
  **** Build date : Oct 13 2023 at 21:31:40
    ** Copyright 1986-2022 Xilinx, Inc. All Rights Reserved.


INFO: [Labtools 27-3415] Connecting to cs_server url TCP:localhost:0
INFO: [Labtools 27-3417] Launching cs_server...
INFO: [Labtools 27-2221] Launch Output:
ECHO is off.
ECHO is off.


******** Xilinx cs_server v2023.2.0
  ****** Build date   : Oct 10 2023-11:01:56
    **** Build number : 2023.2.1696910516
      ** Copyright 2017-2022 Xilinx, Inc. All Rights Reserved.
      ** Copyright 2022-2024 Advanced Micro Devices, Inc. All Rights Reserved.



connect_hw_server: Time (s): cpu = 00:00:01 ; elapsed = 00:00:10 . Memory (MB): peak = 2681.066 ; gain = 0.000
open_hw_target
INFO: [Labtoolstcl 44-466] Opening hw_target localhost:3121/xilinx_tcf/Digilent/210292ABF932A
set_property PROGRAM.FILE {C:/Users/Neutral/Documents/TR sisdig/project_2/project_2.runs/impl_1/PmodENC.bit} [get_hw_devices xc7a100t_0]
current_hw_device [get_hw_devices xc7a100t_0]
refresh_hw_device -update_hw_probes false [lindex [get_hw_devices xc7a100t_0] 0]
INFO: [Labtools 27-1434] Device xc7a100t (JTAG device index = 0) is programmed with a design that has no supported debug core(s) in it.
set_property PROBES.FILE {} [get_hw_devices xc7a100t_0]
set_property FULL_PROBES.FILE {} [get_hw_devices xc7a100t_0]
set_property PROGRAM.FILE {C:/Users/Neutral/Documents/TR sisdig/project_2/project_2.runs/impl_1/PmodENC.bit} [get_hw_devices xc7a100t_0]
program_hw_devices [get_hw_devices xc7a100t_0]
INFO: [Labtools 27-3164] End of startup status: HIGH
refresh_hw_device [lindex [get_hw_devices xc7a100t_0] 0]
INFO: [Labtools 27-1434] Device xc7a100t (JTAG device index = 0) is programmed with a design that has no supported debug core(s) in it.
ERROR: [Labtoolstcl 44-513] HW Target shutdown. Closing target: localhost:3121/xilinx_tcf/Digilent/210292ABF932A
INFO: [Labtoolstcl 44-466] Opening hw_target localhost:3121/xilinx_tcf/Digilent/210292ABF932A
INFO: [Labtools 27-1435] Device xc7a100t (JTAG device index = 0) is not programmed (DONE status = 0).
WARNING: [Labtoolstcl 44-129] No matching hw_ila_data was found.
ERROR: [Labtoolstcl 44-513] HW Target shutdown. Closing target: localhost:3121/xilinx_tcf/Digilent/210292ABF932A
close_hw_manager
close_design
synth_design -rtl -rtl_skip_mlo -name rtl_1
Command: synth_design -rtl -rtl_skip_mlo -name rtl_1
Starting synth_design
Using part: xc7a100tcsg324-1
Top: PmodENC
INFO: [Synth 8-7079] Multithreading enabled for synth_design using a maximum of 2 processes.
---------------------------------------------------------------------------------
Starting RTL Elaboration : Time (s): cpu = 00:00:08 ; elapsed = 00:00:11 . Memory (MB): peak = 2726.062 ; gain = 0.000
---------------------------------------------------------------------------------
INFO: [Synth 8-638] synthesizing module 'PmodENC' [C:/Users/Neutral/Documents/TR sisdig/project_2/project_2.srcs/sources_1/new/TR.vhd:22]
INFO: [Synth 8-3491] module 'Debouncer' declared at 'C:/Users/Neutral/Documents/TR sisdig/project_2/project_2.srcs/sources_1/new/disp.vhd:8' bound to instance 'C0' of component 'Debouncer' [C:/Users/Neutral/Documents/TR sisdig/project_2/project_2.srcs/sources_1/new/TR.vhd:57]
INFO: [Synth 8-638] synthesizing module 'Debouncer' [C:/Users/Neutral/Documents/TR sisdig/project_2/project_2.srcs/sources_1/new/disp.vhd:19]
INFO: [Synth 8-256] done synthesizing module 'Debouncer' (0#1) [C:/Users/Neutral/Documents/TR sisdig/project_2/project_2.srcs/sources_1/new/disp.vhd:19]
INFO: [Synth 8-3491] module 'Encoder' declared at 'C:/Users/Neutral/Documents/TR sisdig/project_2/project_2.srcs/sources_1/new/wer.vhd:7' bound to instance 'C1' of component 'Encoder' [C:/Users/Neutral/Documents/TR sisdig/project_2/project_2.srcs/sources_1/new/TR.vhd:58]
INFO: [Synth 8-638] synthesizing module 'Encoder' [C:/Users/Neutral/Documents/TR sisdig/project_2/project_2.srcs/sources_1/new/wer.vhd:22]
INFO: [Synth 8-256] done synthesizing module 'Encoder' (0#1) [C:/Users/Neutral/Documents/TR sisdig/project_2/project_2.srcs/sources_1/new/wer.vhd:22]
INFO: [Synth 8-3491] module 'DisplayController' declared at 'C:/Users/Neutral/Documents/TR sisdig/project_2/project_2.srcs/sources_1/new/wwer.vhd:8' bound to instance 'C2' of component 'DisplayController' [C:/Users/Neutral/Documents/TR sisdig/project_2/project_2.srcs/sources_1/new/TR.vhd:59]
INFO: [Synth 8-638] synthesizing module 'DisplayController' [C:/Users/Neutral/Documents/TR sisdig/project_2/project_2.srcs/sources_1/new/wwer.vhd:21]
INFO: [Synth 8-256] done synthesizing module 'DisplayController' (0#1) [C:/Users/Neutral/Documents/TR sisdig/project_2/project_2.srcs/sources_1/new/wwer.vhd:21]
INFO: [Synth 8-256] done synthesizing module 'PmodENC' (0#1) [C:/Users/Neutral/Documents/TR sisdig/project_2/project_2.srcs/sources_1/new/TR.vhd:22]
---------------------------------------------------------------------------------
Finished RTL Elaboration : Time (s): cpu = 00:00:11 ; elapsed = 00:00:14 . Memory (MB): peak = 2726.062 ; gain = 0.000
---------------------------------------------------------------------------------
---------------------------------------------------------------------------------
Start Handling Custom Attributes
---------------------------------------------------------------------------------
---------------------------------------------------------------------------------
Finished Handling Custom Attributes : Time (s): cpu = 00:00:11 ; elapsed = 00:00:14 . Memory (MB): peak = 2726.062 ; gain = 0.000
---------------------------------------------------------------------------------
---------------------------------------------------------------------------------
Finished RTL Optimization Phase 1 : Time (s): cpu = 00:00:11 ; elapsed = 00:00:14 . Memory (MB): peak = 2726.062 ; gain = 0.000
---------------------------------------------------------------------------------
Netlist sorting complete. Time (s): cpu = 00:00:00 ; elapsed = 00:00:00.003 . Memory (MB): peak = 2726.062 ; gain = 0.000
INFO: [Project 1-570] Preparing netlist for logic optimization

Processing XDC Constraints
Initializing timing engine
Parsing XDC File [C:/Users/Neutral/Documents/TR sisdig/project_2/project_2.srcs/constrs_1/new/tr.xdc]
Finished Parsing XDC File [C:/Users/Neutral/Documents/TR sisdig/project_2/project_2.srcs/constrs_1/new/tr.xdc]
Completed Processing XDC Constraints

Netlist sorting complete. Time (s): cpu = 00:00:00 ; elapsed = 00:00:00 . Memory (MB): peak = 2738.551 ; gain = 0.000
INFO: [Project 1-111] Unisim Transformation Summary:
No Unisim elements were transformed.

RTL Elaboration Complete:  : Time (s): cpu = 00:00:15 ; elapsed = 00:00:19 . Memory (MB): peak = 2787.664 ; gain = 61.602
14 Infos, 0 Warnings, 0 Critical Warnings and 0 Errors encountered.
synth_design completed successfully
synth_design: Time (s): cpu = 00:00:15 ; elapsed = 00:00:19 . Memory (MB): peak = 2787.664 ; gain = 61.602
WARNING: [filemgmt 56-199] Attempt to get parsing info during refresh. "On-the-fly" syntax checking information may be incorrect. [C:\Users\Neutral\Documents\TR sisdig\project_2\project_2.srcs\sources_1\new\disp.vhd:]
WARNING: [filemgmt 56-199] Attempt to get parsing info during refresh. "On-the-fly" syntax checking information may be incorrect. [C:\Users\Neutral\Documents\TR sisdig\project_2\project_2.srcs\sources_1\new\wwer.vhd:]
WARNING: [filemgmt 56-199] Attempt to get parsing info during refresh. "On-the-fly" syntax checking information may be incorrect. [C:\Users\Neutral\Documents\TR sisdig\project_2\project_2.srcs\sources_1\new\wer.vhd:]
WARNING: [filemgmt 56-199] Attempt to get parsing info during refresh. "On-the-fly" syntax checking information may be incorrect. [C:\Users\Neutral\Documents\TR sisdig\project_2\project_2.srcs\sources_1\new\TR.vhd:]
WARNING: [filemgmt 56-199] Attempt to get parsing info during refresh. "On-the-fly" syntax checking information may be incorrect. [C:\Users\Neutral\Documents\TR sisdig\project_2\project_2.srcs\sources_1\new\disp.vhd:]
WARNING: [filemgmt 56-199] Attempt to get parsing info during refresh. "On-the-fly" syntax checking information may be incorrect. [C:\Users\Neutral\Documents\TR sisdig\project_2\project_2.srcs\sources_1\new\wwer.vhd:]
WARNING: [filemgmt 56-199] Attempt to get parsing info during refresh. "On-the-fly" syntax checking information may be incorrect. [C:\Users\Neutral\Documents\TR sisdig\project_2\project_2.srcs\sources_1\new\wer.vhd:]
WARNING: [filemgmt 56-199] Attempt to get parsing info during refresh. "On-the-fly" syntax checking information may be incorrect. [C:\Users\Neutral\Documents\TR sisdig\project_2\project_2.srcs\sources_1\new\TR.vhd:]
ERROR: [Common 17-180] Spawn failed: No error
WARNING: [filemgmt 56-199] Attempt to get parsing info during refresh. "On-the-fly" syntax checking information may be incorrect. [C:\Users\Neutral\Documents\TR sisdig\project_2\project_2.srcs\sources_1\new\disp.vhd:]
WARNING: [filemgmt 56-199] Attempt to get parsing info during refresh. "On-the-fly" syntax checking information may be incorrect. [C:\Users\Neutral\Documents\TR sisdig\project_2\project_2.srcs\sources_1\new\wwer.vhd:]
WARNING: [filemgmt 56-199] Attempt to get parsing info during refresh. "On-the-fly" syntax checking information may be incorrect. [C:\Users\Neutral\Documents\TR sisdig\project_2\project_2.srcs\sources_1\new\wer.vhd:]
WARNING: [filemgmt 56-199] Attempt to get parsing info during refresh. "On-the-fly" syntax checking information may be incorrect. [C:\Users\Neutral\Documents\TR sisdig\project_2\project_2.srcs\sources_1\new\TR.vhd:]
ERROR: [Common 17-180] Spawn failed: No error
refresh_design
INFO: [Synth 8-7079] Multithreading enabled for synth_design using a maximum of 2 processes.
---------------------------------------------------------------------------------
Starting RTL Elaboration : Time (s): cpu = 00:00:09 ; elapsed = 00:00:11 . Memory (MB): peak = 2817.805 ; gain = 25.355
---------------------------------------------------------------------------------
INFO: [Synth 8-638] synthesizing module 'PmodENC' [C:/Users/Neutral/Documents/TR sisdig/project_2/project_2.srcs/sources_1/new/TR.vhd:22]
INFO: [Synth 8-3491] module 'Debouncer' declared at 'C:/Users/Neutral/Documents/TR sisdig/project_2/project_2.srcs/sources_1/new/disp.vhd:8' bound to instance 'C0' of component 'Debouncer' [C:/Users/Neutral/Documents/TR sisdig/project_2/project_2.srcs/sources_1/new/TR.vhd:57]
INFO: [Synth 8-638] synthesizing module 'Debouncer' [C:/Users/Neutral/Documents/TR sisdig/project_2/project_2.srcs/sources_1/new/disp.vhd:19]
INFO: [Synth 8-256] done synthesizing module 'Debouncer' (0#1) [C:/Users/Neutral/Documents/TR sisdig/project_2/project_2.srcs/sources_1/new/disp.vhd:19]
INFO: [Synth 8-3491] module 'Encoder' declared at 'C:/Users/Neutral/Documents/TR sisdig/project_2/project_2.srcs/sources_1/new/wer.vhd:7' bound to instance 'C1' of component 'Encoder' [C:/Users/Neutral/Documents/TR sisdig/project_2/project_2.srcs/sources_1/new/TR.vhd:58]
INFO: [Synth 8-638] synthesizing module 'Encoder' [C:/Users/Neutral/Documents/TR sisdig/project_2/project_2.srcs/sources_1/new/wer.vhd:22]
INFO: [Synth 8-256] done synthesizing module 'Encoder' (0#1) [C:/Users/Neutral/Documents/TR sisdig/project_2/project_2.srcs/sources_1/new/wer.vhd:22]
INFO: [Synth 8-3491] module 'DisplayController' declared at 'C:/Users/Neutral/Documents/TR sisdig/project_2/project_2.srcs/sources_1/new/wwer.vhd:8' bound to instance 'C2' of component 'DisplayController' [C:/Users/Neutral/Documents/TR sisdig/project_2/project_2.srcs/sources_1/new/TR.vhd:59]
INFO: [Synth 8-638] synthesizing module 'DisplayController' [C:/Users/Neutral/Documents/TR sisdig/project_2/project_2.srcs/sources_1/new/wwer.vhd:21]
INFO: [Synth 8-256] done synthesizing module 'DisplayController' (0#1) [C:/Users/Neutral/Documents/TR sisdig/project_2/project_2.srcs/sources_1/new/wwer.vhd:21]
INFO: [Synth 8-256] done synthesizing module 'PmodENC' (0#1) [C:/Users/Neutral/Documents/TR sisdig/project_2/project_2.srcs/sources_1/new/TR.vhd:22]
---------------------------------------------------------------------------------
Finished RTL Elaboration : Time (s): cpu = 00:00:11 ; elapsed = 00:00:15 . Memory (MB): peak = 2920.863 ; gain = 128.414
---------------------------------------------------------------------------------
---------------------------------------------------------------------------------
Start Handling Custom Attributes
---------------------------------------------------------------------------------
---------------------------------------------------------------------------------
Finished Handling Custom Attributes : Time (s): cpu = 00:00:11 ; elapsed = 00:00:15 . Memory (MB): peak = 2944.734 ; gain = 152.285
---------------------------------------------------------------------------------
---------------------------------------------------------------------------------
Finished RTL Optimization Phase 1 : Time (s): cpu = 00:00:11 ; elapsed = 00:00:15 . Memory (MB): peak = 2944.734 ; gain = 152.285
---------------------------------------------------------------------------------
Netlist sorting complete. Time (s): cpu = 00:00:00 ; elapsed = 00:00:00.003 . Memory (MB): peak = 2971.543 ; gain = 0.000
INFO: [Project 1-570] Preparing netlist for logic optimization

Processing XDC Constraints
Initializing timing engine
Parsing XDC File [C:/Users/Neutral/Documents/TR sisdig/project_2/project_2.srcs/constrs_1/new/tr.xdc]
Finished Parsing XDC File [C:/Users/Neutral/Documents/TR sisdig/project_2/project_2.srcs/constrs_1/new/tr.xdc]
Completed Processing XDC Constraints

refresh_design: Time (s): cpu = 00:00:17 ; elapsed = 00:00:21 . Memory (MB): peak = 2971.543 ; gain = 179.094
open_hw_manager
reset_run synth_1
INFO: [Project 1-1161] Replacing file C:/Users/Neutral/Documents/TR sisdig/project_2/project_2.srcs/utils_1/imports/synth_1/PmodENC.dcp with file C:/Users/Neutral/Documents/TR sisdig/project_2/project_2.runs/synth_1/PmodENC.dcp
WARNING: [filemgmt 56-199] Attempt to get parsing info during refresh. "On-the-fly" syntax checking information may be incorrect. [C:\Users\Neutral\Documents\TR sisdig\project_2\project_2.srcs\sources_1\new\disp.vhd:]
WARNING: [filemgmt 56-199] Attempt to get parsing info during refresh. "On-the-fly" syntax checking information may be incorrect. [C:\Users\Neutral\Documents\TR sisdig\project_2\project_2.srcs\sources_1\new\wwer.vhd:]
WARNING: [filemgmt 56-199] Attempt to get parsing info during refresh. "On-the-fly" syntax checking information may be incorrect. [C:\Users\Neutral\Documents\TR sisdig\project_2\project_2.srcs\sources_1\new\wer.vhd:]
WARNING: [filemgmt 56-199] Attempt to get parsing info during refresh. "On-the-fly" syntax checking information may be incorrect. [C:\Users\Neutral\Documents\TR sisdig\project_2\project_2.srcs\sources_1\new\TR.vhd:]
WARNING: [filemgmt 56-199] Attempt to get parsing info during refresh. "On-the-fly" syntax checking information may be incorrect. [C:\Users\Neutral\Documents\TR sisdig\project_2\project_2.srcs\sources_1\new\disp.vhd:]
WARNING: [filemgmt 56-199] Attempt to get parsing info during refresh. "On-the-fly" syntax checking information may be incorrect. [C:\Users\Neutral\Documents\TR sisdig\project_2\project_2.srcs\sources_1\new\wwer.vhd:]
WARNING: [filemgmt 56-199] Attempt to get parsing info during refresh. "On-the-fly" syntax checking information may be incorrect. [C:\Users\Neutral\Documents\TR sisdig\project_2\project_2.srcs\sources_1\new\wer.vhd:]
WARNING: [filemgmt 56-199] Attempt to get parsing info during refresh. "On-the-fly" syntax checking information may be incorrect. [C:\Users\Neutral\Documents\TR sisdig\project_2\project_2.srcs\sources_1\new\TR.vhd:]
launch_runs impl_1 -to_step write_bitstream -jobs 8
[Mon Jan  8 14:27:15 2024] Launched synth_1...
Run output will be captured here: C:/Users/Neutral/Documents/TR sisdig/project_2/project_2.runs/synth_1/runme.log
[Mon Jan  8 14:27:15 2024] Launched impl_1...
Run output will be captured here: C:/Users/Neutral/Documents/TR sisdig/project_2/project_2.runs/impl_1/runme.log
ERROR: [Common 17-180] Spawn failed: No error
WARNING: [filemgmt 56-199] Attempt to get parsing info during refresh. "On-the-fly" syntax checking information may be incorrect. [C:\Users\Neutral\Documents\TR sisdig\project_2\project_2.srcs\sources_1\new\disp.vhd:]
ERROR: [Common 17-180] Spawn failed: No error
WARNING: [filemgmt 56-199] Attempt to get parsing info during refresh. "On-the-fly" syntax checking information may be incorrect. [C:\Users\Neutral\Documents\TR sisdig\project_2\project_2.srcs\sources_1\new\wwer.vhd:]
WARNING: [filemgmt 56-199] Attempt to get parsing info during refresh. "On-the-fly" syntax checking information may be incorrect. [C:\Users\Neutral\Documents\TR sisdig\project_2\project_2.srcs\sources_1\new\wer.vhd:]
WARNING: [filemgmt 56-199] Attempt to get parsing info during refresh. "On-the-fly" syntax checking information may be incorrect. [C:\Users\Neutral\Documents\TR sisdig\project_2\project_2.srcs\sources_1\new\TR.vhd:]
connect_hw_server -allow_non_jtag
INFO: [Labtools 27-2285] Connecting to hw_server url TCP:localhost:3121
INFO: [Labtools 27-2222] Launching hw_server...
INFO: [Labtools 27-2221] Launch Output:
ECHO is off.
ECHO is off.

****** Xilinx hw_server v2023.2
  **** Build date : Oct 13 2023 at 21:31:40
    ** Copyright 1986-2022 Xilinx, Inc. All Rights Reserved.


INFO: [Labtools 27-3415] Connecting to cs_server url TCP:localhost:0
INFO: [Labtools 27-3417] Launching cs_server...
INFO: [Labtools 27-2221] Launch Output:
ECHO is off.
ECHO is off.


******** Xilinx cs_server v2023.2.0
  ****** Build date   : Oct 10 2023-11:01:56
    **** Build number : 2023.2.1696910516
      ** Copyright 2017-2022 Xilinx, Inc. All Rights Reserved.
      ** Copyright 2022-2024 Advanced Micro Devices, Inc. All Rights Reserved.



connect_hw_server: Time (s): cpu = 00:00:01 ; elapsed = 00:00:11 . Memory (MB): peak = 2971.543 ; gain = 0.000
open_hw_target
INFO: [Labtoolstcl 44-466] Opening hw_target localhost:3121/xilinx_tcf/Digilent/210292ABF932A
set_property PROGRAM.FILE {C:/Users/Neutral/Documents/TR sisdig/project_2/project_2.runs/impl_1/PmodENC.bit} [get_hw_devices xc7a100t_0]
current_hw_device [get_hw_devices xc7a100t_0]
refresh_hw_device -update_hw_probes false [lindex [get_hw_devices xc7a100t_0] 0]
INFO: [Labtools 27-1434] Device xc7a100t (JTAG device index = 0) is programmed with a design that has no supported debug core(s) in it.
set_property PROBES.FILE {} [get_hw_devices xc7a100t_0]
set_property FULL_PROBES.FILE {} [get_hw_devices xc7a100t_0]
set_property PROGRAM.FILE {C:/Users/Neutral/Documents/TR sisdig/project_2/project_2.runs/impl_1/PmodENC.bit} [get_hw_devices xc7a100t_0]
program_hw_devices [get_hw_devices xc7a100t_0]
INFO: [Labtools 27-3164] End of startup status: HIGH
refresh_hw_device [lindex [get_hw_devices xc7a100t_0] 0]
INFO: [Labtools 27-1434] Device xc7a100t (JTAG device index = 0) is programmed with a design that has no supported debug core(s) in it.
ERROR: [Labtoolstcl 44-513] HW Target shutdown. Closing target: localhost:3121/xilinx_tcf/Digilent/210292ABF932A
undo
INFO: [Common 17-17] undo 'set_property PROGRAM.FILE {C:/Users/Neutral/Documents/TR sisdig/project_2/project_2.runs/impl_1/PmodENC.bit} [get_hw_devices xc7a100t_0]'
undo
INFO: [Common 17-17] undo 'set_property FULL_PROBES.FILE {} [get_hw_devices xc7a100t_0]'
undo
INFO: [Common 17-17] undo 'set_property PROBES.FILE {} [get_hw_devices xc7a100t_0]'
undo
INFO: [Common 17-17] undo 'set_property PROGRAM.FILE {C:/Users/Neutral/Documents/TR sisdig/project_2/project_2.runs/impl_1/PmodENC.bit} [get_hw_devices xc7a100t_0]'
close_hw_manager
WARNING: [filemgmt 56-199] Attempt to get parsing info during refresh. "On-the-fly" syntax checking information may be incorrect. [C:\Users\Neutral\Documents\TR sisdig\project_2\project_2.srcs\sources_1\new\disp.vhd:]
WARNING: [filemgmt 56-199] Attempt to get parsing info during refresh. "On-the-fly" syntax checking information may be incorrect. [C:\Users\Neutral\Documents\TR sisdig\project_2\project_2.srcs\sources_1\new\wwer.vhd:]
WARNING: [filemgmt 56-199] Attempt to get parsing info during refresh. "On-the-fly" syntax checking information may be incorrect. [C:\Users\Neutral\Documents\TR sisdig\project_2\project_2.srcs\sources_1\new\wer.vhd:]
WARNING: [filemgmt 56-199] Attempt to get parsing info during refresh. "On-the-fly" syntax checking information may be incorrect. [C:\Users\Neutral\Documents\TR sisdig\project_2\project_2.srcs\sources_1\new\TR.vhd:]
WARNING: [filemgmt 56-199] Attempt to get parsing info during refresh. "On-the-fly" syntax checking information may be incorrect. [C:\Users\Neutral\Documents\TR sisdig\project_2\project_2.srcs\sources_1\new\disp.vhd:]
WARNING: [filemgmt 56-199] Attempt to get parsing info during refresh. "On-the-fly" syntax checking information may be incorrect. [C:\Users\Neutral\Documents\TR sisdig\project_2\project_2.srcs\sources_1\new\wwer.vhd:]
WARNING: [filemgmt 56-199] Attempt to get parsing info during refresh. "On-the-fly" syntax checking information may be incorrect. [C:\Users\Neutral\Documents\TR sisdig\project_2\project_2.srcs\sources_1\new\wer.vhd:]
WARNING: [filemgmt 56-199] Attempt to get parsing info during refresh. "On-the-fly" syntax checking information may be incorrect. [C:\Users\Neutral\Documents\TR sisdig\project_2\project_2.srcs\sources_1\new\TR.vhd:]
ERROR: [Common 17-180] Spawn failed: No error
WARNING: [filemgmt 56-199] Attempt to get parsing info during refresh. "On-the-fly" syntax checking information may be incorrect. [C:\Users\Neutral\Documents\TR sisdig\project_2\project_2.srcs\sources_1\new\disp.vhd:]
WARNING: [filemgmt 56-199] Attempt to get parsing info during refresh. "On-the-fly" syntax checking information may be incorrect. [C:\Users\Neutral\Documents\TR sisdig\project_2\project_2.srcs\sources_1\new\wwer.vhd:]
WARNING: [filemgmt 56-199] Attempt to get parsing info during refresh. "On-the-fly" syntax checking information may be incorrect. [C:\Users\Neutral\Documents\TR sisdig\project_2\project_2.srcs\sources_1\new\wer.vhd:]
WARNING: [filemgmt 56-199] Attempt to get parsing info during refresh. "On-the-fly" syntax checking information may be incorrect. [C:\Users\Neutral\Documents\TR sisdig\project_2\project_2.srcs\sources_1\new\TR.vhd:]
ERROR: [Common 17-180] Spawn failed: No error
refresh_design
INFO: [Synth 8-7079] Multithreading enabled for synth_design using a maximum of 2 processes.
---------------------------------------------------------------------------------
Starting RTL Elaboration : Time (s): cpu = 00:00:11 ; elapsed = 00:00:11 . Memory (MB): peak = 2971.543 ; gain = 0.000
---------------------------------------------------------------------------------
INFO: [Synth 8-638] synthesizing module 'PmodENC' [C:/Users/Neutral/Documents/TR sisdig/project_2/project_2.srcs/sources_1/new/TR.vhd:22]
INFO: [Synth 8-3491] module 'Debouncer' declared at 'C:/Users/Neutral/Documents/TR sisdig/project_2/project_2.srcs/sources_1/new/disp.vhd:8' bound to instance 'C0' of component 'Debouncer' [C:/Users/Neutral/Documents/TR sisdig/project_2/project_2.srcs/sources_1/new/TR.vhd:57]
INFO: [Synth 8-638] synthesizing module 'Debouncer' [C:/Users/Neutral/Documents/TR sisdig/project_2/project_2.srcs/sources_1/new/disp.vhd:19]
INFO: [Synth 8-256] done synthesizing module 'Debouncer' (0#1) [C:/Users/Neutral/Documents/TR sisdig/project_2/project_2.srcs/sources_1/new/disp.vhd:19]
WARNING: [Synth 8-5640] Port 'rgb_led' is missing in component declaration [C:/Users/Neutral/Documents/TR sisdig/project_2/project_2.srcs/sources_1/new/TR.vhd:33]
INFO: [Synth 8-3491] module 'Encoder' declared at 'C:/Users/Neutral/Documents/TR sisdig/project_2/project_2.srcs/sources_1/new/wer.vhd:6' bound to instance 'C1' of component 'Encoder' [C:/Users/Neutral/Documents/TR sisdig/project_2/project_2.srcs/sources_1/new/TR.vhd:58]
INFO: [Synth 8-638] synthesizing module 'Encoder' [C:/Users/Neutral/Documents/TR sisdig/project_2/project_2.srcs/sources_1/new/wer.vhd:18]
INFO: [Synth 8-256] done synthesizing module 'Encoder' (0#1) [C:/Users/Neutral/Documents/TR sisdig/project_2/project_2.srcs/sources_1/new/wer.vhd:18]
INFO: [Synth 8-3491] module 'DisplayController' declared at 'C:/Users/Neutral/Documents/TR sisdig/project_2/project_2.srcs/sources_1/new/wwer.vhd:8' bound to instance 'C2' of component 'DisplayController' [C:/Users/Neutral/Documents/TR sisdig/project_2/project_2.srcs/sources_1/new/TR.vhd:59]
INFO: [Synth 8-638] synthesizing module 'DisplayController' [C:/Users/Neutral/Documents/TR sisdig/project_2/project_2.srcs/sources_1/new/wwer.vhd:21]
INFO: [Synth 8-256] done synthesizing module 'DisplayController' (0#1) [C:/Users/Neutral/Documents/TR sisdig/project_2/project_2.srcs/sources_1/new/wwer.vhd:21]
INFO: [Synth 8-256] done synthesizing module 'PmodENC' (0#1) [C:/Users/Neutral/Documents/TR sisdig/project_2/project_2.srcs/sources_1/new/TR.vhd:22]
---------------------------------------------------------------------------------
Finished RTL Elaboration : Time (s): cpu = 00:00:14 ; elapsed = 00:00:15 . Memory (MB): peak = 2971.543 ; gain = 0.000
---------------------------------------------------------------------------------
---------------------------------------------------------------------------------
Start Handling Custom Attributes
---------------------------------------------------------------------------------
---------------------------------------------------------------------------------
Finished Handling Custom Attributes : Time (s): cpu = 00:00:14 ; elapsed = 00:00:15 . Memory (MB): peak = 2972.781 ; gain = 1.238
---------------------------------------------------------------------------------
---------------------------------------------------------------------------------
Finished RTL Optimization Phase 1 : Time (s): cpu = 00:00:14 ; elapsed = 00:00:15 . Memory (MB): peak = 2972.781 ; gain = 1.238
---------------------------------------------------------------------------------
Netlist sorting complete. Time (s): cpu = 00:00:00 ; elapsed = 00:00:00.005 . Memory (MB): peak = 2999.297 ; gain = 0.000
INFO: [Project 1-570] Preparing netlist for logic optimization

Processing XDC Constraints
Initializing timing engine
Parsing XDC File [C:/Users/Neutral/Documents/TR sisdig/project_2/project_2.srcs/constrs_1/new/tr.xdc]
Finished Parsing XDC File [C:/Users/Neutral/Documents/TR sisdig/project_2/project_2.srcs/constrs_1/new/tr.xdc]
Completed Processing XDC Constraints

refresh_design: Time (s): cpu = 00:00:21 ; elapsed = 00:00:21 . Memory (MB): peak = 2999.297 ; gain = 27.754
set_property needs_refresh false [get_runs synth_1]
set_property needs_refresh false [get_runs impl_1]
open_hw_manager
connect_hw_server -allow_non_jtag
INFO: [Labtools 27-2285] Connecting to hw_server url TCP:localhost:3121
INFO: [Labtools 27-2222] Launching hw_server...
INFO: [Labtools 27-2221] Launch Output:
ECHO is off.
ECHO is off.

****** Xilinx hw_server v2023.2
  **** Build date : Oct 13 2023 at 21:31:40
    ** Copyright 1986-2022 Xilinx, Inc. All Rights Reserved.


INFO: [Labtools 27-3415] Connecting to cs_server url TCP:localhost:0
INFO: [Labtools 27-3417] Launching cs_server...
INFO: [Labtools 27-2221] Launch Output:
ECHO is off.
ECHO is off.


******** Xilinx cs_server v2023.2.0
  ****** Build date   : Oct 10 2023-11:01:56
    **** Build number : 2023.2.1696910516
      ** Copyright 2017-2022 Xilinx, Inc. All Rights Reserved.
      ** Copyright 2022-2024 Advanced Micro Devices, Inc. All Rights Reserved.



connect_hw_server: Time (s): cpu = 00:00:00 ; elapsed = 00:00:10 . Memory (MB): peak = 2999.297 ; gain = 0.000
open_hw_target
INFO: [Labtoolstcl 44-466] Opening hw_target localhost:3121/xilinx_tcf/Digilent/210292ABF932A
set_property PROGRAM.FILE {C:/Users/Neutral/Documents/TR sisdig/project_2/project_2.runs/impl_1/PmodENC.bit} [get_hw_devices xc7a100t_0]
current_hw_device [get_hw_devices xc7a100t_0]
refresh_hw_device -update_hw_probes false [lindex [get_hw_devices xc7a100t_0] 0]
INFO: [Labtools 27-1434] Device xc7a100t (JTAG device index = 0) is programmed with a design that has no supported debug core(s) in it.
set_property PROBES.FILE {} [get_hw_devices xc7a100t_0]
set_property FULL_PROBES.FILE {} [get_hw_devices xc7a100t_0]
set_property PROGRAM.FILE {C:/Users/Neutral/Documents/TR sisdig/project_2/project_2.runs/impl_1/PmodENC.bit} [get_hw_devices xc7a100t_0]
program_hw_devices [get_hw_devices xc7a100t_0]
INFO: [Labtools 27-3164] End of startup status: HIGH
refresh_hw_device [lindex [get_hw_devices xc7a100t_0] 0]
INFO: [Labtools 27-1434] Device xc7a100t (JTAG device index = 0) is programmed with a design that has no supported debug core(s) in it.
ERROR: [Labtoolstcl 44-513] HW Target shutdown. Closing target: localhost:3121/xilinx_tcf/Digilent/210292ABF932A
WARNING: [filemgmt 56-199] Attempt to get parsing info during refresh. "On-the-fly" syntax checking information may be incorrect. [C:\Users\Neutral\Documents\TR sisdig\project_2\project_2.srcs\sources_1\new\disp.vhd:]
WARNING: [filemgmt 56-199] Attempt to get parsing info during refresh. "On-the-fly" syntax checking information may be incorrect. [C:\Users\Neutral\Documents\TR sisdig\project_2\project_2.srcs\sources_1\new\wwer.vhd:]
WARNING: [filemgmt 56-199] Attempt to get parsing info during refresh. "On-the-fly" syntax checking information may be incorrect. [C:\Users\Neutral\Documents\TR sisdig\project_2\project_2.srcs\sources_1\new\wer.vhd:]
WARNING: [filemgmt 56-199] Attempt to get parsing info during refresh. "On-the-fly" syntax checking information may be incorrect. [C:\Users\Neutral\Documents\TR sisdig\project_2\project_2.srcs\sources_1\new\TR.vhd:]
WARNING: [filemgmt 56-199] Attempt to get parsing info during refresh. "On-the-fly" syntax checking information may be incorrect. [C:\Users\Neutral\Documents\TR sisdig\project_2\project_2.srcs\sources_1\new\disp.vhd:]
WARNING: [filemgmt 56-199] Attempt to get parsing info during refresh. "On-the-fly" syntax checking information may be incorrect. [C:\Users\Neutral\Documents\TR sisdig\project_2\project_2.srcs\sources_1\new\wwer.vhd:]
WARNING: [filemgmt 56-199] Attempt to get parsing info during refresh. "On-the-fly" syntax checking information may be incorrect. [C:\Users\Neutral\Documents\TR sisdig\project_2\project_2.srcs\sources_1\new\wer.vhd:]
WARNING: [filemgmt 56-199] Attempt to get parsing info during refresh. "On-the-fly" syntax checking information may be incorrect. [C:\Users\Neutral\Documents\TR sisdig\project_2\project_2.srcs\sources_1\new\TR.vhd:]
ERROR: [Common 17-180] Spawn failed: No error
WARNING: [filemgmt 56-199] Attempt to get parsing info during refresh. "On-the-fly" syntax checking information may be incorrect. [C:\Users\Neutral\Documents\TR sisdig\project_2\project_2.srcs\sources_1\new\disp.vhd:]
WARNING: [filemgmt 56-199] Attempt to get parsing info during refresh. "On-the-fly" syntax checking information may be incorrect. [C:\Users\Neutral\Documents\TR sisdig\project_2\project_2.srcs\sources_1\new\wwer.vhd:]
WARNING: [filemgmt 56-199] Attempt to get parsing info during refresh. "On-the-fly" syntax checking information may be incorrect. [C:\Users\Neutral\Documents\TR sisdig\project_2\project_2.srcs\sources_1\new\wer.vhd:]
WARNING: [filemgmt 56-199] Attempt to get parsing info during refresh. "On-the-fly" syntax checking information may be incorrect. [C:\Users\Neutral\Documents\TR sisdig\project_2\project_2.srcs\sources_1\new\TR.vhd:]
ERROR: [Common 17-180] Spawn failed: No error
refresh_design
INFO: [Synth 8-7079] Multithreading enabled for synth_design using a maximum of 2 processes.
---------------------------------------------------------------------------------
Starting RTL Elaboration : Time (s): cpu = 00:00:05 ; elapsed = 00:00:05 . Memory (MB): peak = 2999.297 ; gain = 0.000
---------------------------------------------------------------------------------
INFO: [Synth 8-638] synthesizing module 'PmodENC' [C:/Users/Neutral/Documents/TR sisdig/project_2/project_2.srcs/sources_1/new/TR.vhd:22]
INFO: [Synth 8-3491] module 'Debouncer' declared at 'C:/Users/Neutral/Documents/TR sisdig/project_2/project_2.srcs/sources_1/new/disp.vhd:8' bound to instance 'C0' of component 'Debouncer' [C:/Users/Neutral/Documents/TR sisdig/project_2/project_2.srcs/sources_1/new/TR.vhd:57]
INFO: [Synth 8-638] synthesizing module 'Debouncer' [C:/Users/Neutral/Documents/TR sisdig/project_2/project_2.srcs/sources_1/new/disp.vhd:19]
INFO: [Synth 8-256] done synthesizing module 'Debouncer' (0#1) [C:/Users/Neutral/Documents/TR sisdig/project_2/project_2.srcs/sources_1/new/disp.vhd:19]
INFO: [Synth 8-3491] module 'Encoder' declared at 'C:/Users/Neutral/Documents/TR sisdig/project_2/project_2.srcs/sources_1/new/wer.vhd:7' bound to instance 'C1' of component 'Encoder' [C:/Users/Neutral/Documents/TR sisdig/project_2/project_2.srcs/sources_1/new/TR.vhd:58]
INFO: [Synth 8-638] synthesizing module 'Encoder' [C:/Users/Neutral/Documents/TR sisdig/project_2/project_2.srcs/sources_1/new/wer.vhd:22]
INFO: [Synth 8-256] done synthesizing module 'Encoder' (0#1) [C:/Users/Neutral/Documents/TR sisdig/project_2/project_2.srcs/sources_1/new/wer.vhd:22]
INFO: [Synth 8-3491] module 'DisplayController' declared at 'C:/Users/Neutral/Documents/TR sisdig/project_2/project_2.srcs/sources_1/new/wwer.vhd:8' bound to instance 'C2' of component 'DisplayController' [C:/Users/Neutral/Documents/TR sisdig/project_2/project_2.srcs/sources_1/new/TR.vhd:59]
INFO: [Synth 8-638] synthesizing module 'DisplayController' [C:/Users/Neutral/Documents/TR sisdig/project_2/project_2.srcs/sources_1/new/wwer.vhd:21]
INFO: [Synth 8-256] done synthesizing module 'DisplayController' (0#1) [C:/Users/Neutral/Documents/TR sisdig/project_2/project_2.srcs/sources_1/new/wwer.vhd:21]
INFO: [Synth 8-256] done synthesizing module 'PmodENC' (0#1) [C:/Users/Neutral/Documents/TR sisdig/project_2/project_2.srcs/sources_1/new/TR.vhd:22]
---------------------------------------------------------------------------------
Finished RTL Elaboration : Time (s): cpu = 00:00:06 ; elapsed = 00:00:07 . Memory (MB): peak = 2999.297 ; gain = 0.000
---------------------------------------------------------------------------------
---------------------------------------------------------------------------------
Start Handling Custom Attributes
---------------------------------------------------------------------------------
---------------------------------------------------------------------------------
Finished Handling Custom Attributes : Time (s): cpu = 00:00:06 ; elapsed = 00:00:07 . Memory (MB): peak = 2999.297 ; gain = 0.000
---------------------------------------------------------------------------------
---------------------------------------------------------------------------------
Finished RTL Optimization Phase 1 : Time (s): cpu = 00:00:06 ; elapsed = 00:00:07 . Memory (MB): peak = 2999.297 ; gain = 0.000
---------------------------------------------------------------------------------
Netlist sorting complete. Time (s): cpu = 00:00:00 ; elapsed = 00:00:00.002 . Memory (MB): peak = 3021.379 ; gain = 0.000
INFO: [Project 1-570] Preparing netlist for logic optimization

Processing XDC Constraints
Initializing timing engine
Parsing XDC File [C:/Users/Neutral/Documents/TR sisdig/project_2/project_2.srcs/constrs_1/new/tr.xdc]
Finished Parsing XDC File [C:/Users/Neutral/Documents/TR sisdig/project_2/project_2.srcs/constrs_1/new/tr.xdc]
Completed Processing XDC Constraints

refresh_design: Time (s): cpu = 00:00:09 ; elapsed = 00:00:10 . Memory (MB): peak = 3021.379 ; gain = 22.082
reset_run synth_1
INFO: [Project 1-1161] Replacing file C:/Users/Neutral/Documents/TR sisdig/project_2/project_2.srcs/utils_1/imports/synth_1/PmodENC.dcp with file C:/Users/Neutral/Documents/TR sisdig/project_2/project_2.runs/synth_1/PmodENC.dcp
WARNING: [filemgmt 56-199] Attempt to get parsing info during refresh. "On-the-fly" syntax checking information may be incorrect. [C:\Users\Neutral\Documents\TR sisdig\project_2\project_2.srcs\sources_1\new\disp.vhd:]
WARNING: [filemgmt 56-199] Attempt to get parsing info during refresh. "On-the-fly" syntax checking information may be incorrect. [C:\Users\Neutral\Documents\TR sisdig\project_2\project_2.srcs\sources_1\new\wwer.vhd:]
WARNING: [filemgmt 56-199] Attempt to get parsing info during refresh. "On-the-fly" syntax checking information may be incorrect. [C:\Users\Neutral\Documents\TR sisdig\project_2\project_2.srcs\sources_1\new\wer.vhd:]
WARNING: [filemgmt 56-199] Attempt to get parsing info during refresh. "On-the-fly" syntax checking information may be incorrect. [C:\Users\Neutral\Documents\TR sisdig\project_2\project_2.srcs\sources_1\new\TR.vhd:]
WARNING: [filemgmt 56-199] Attempt to get parsing info during refresh. "On-the-fly" syntax checking information may be incorrect. [C:\Users\Neutral\Documents\TR sisdig\project_2\project_2.srcs\sources_1\new\disp.vhd:]
WARNING: [filemgmt 56-199] Attempt to get parsing info during refresh. "On-the-fly" syntax checking information may be incorrect. [C:\Users\Neutral\Documents\TR sisdig\project_2\project_2.srcs\sources_1\new\wwer.vhd:]
WARNING: [filemgmt 56-199] Attempt to get parsing info during refresh. "On-the-fly" syntax checking information may be incorrect. [C:\Users\Neutral\Documents\TR sisdig\project_2\project_2.srcs\sources_1\new\wer.vhd:]
WARNING: [filemgmt 56-199] Attempt to get parsing info during refresh. "On-the-fly" syntax checking information may be incorrect. [C:\Users\Neutral\Documents\TR sisdig\project_2\project_2.srcs\sources_1\new\TR.vhd:]
ERROR: [Common 17-180] Spawn failed: No error
WARNING: [filemgmt 56-199] Attempt to get parsing info during refresh. "On-the-fly" syntax checking information may be incorrect. [C:\Users\Neutral\Documents\TR sisdig\project_2\project_2.srcs\sources_1\new\disp.vhd:]
WARNING: [filemgmt 56-199] Attempt to get parsing info during refresh. "On-the-fly" syntax checking information may be incorrect. [C:\Users\Neutral\Documents\TR sisdig\project_2\project_2.srcs\sources_1\new\wwer.vhd:]
WARNING: [filemgmt 56-199] Attempt to get parsing info during refresh. "On-the-fly" syntax checking information may be incorrect. [C:\Users\Neutral\Documents\TR sisdig\project_2\project_2.srcs\sources_1\new\wer.vhd:]
WARNING: [filemgmt 56-199] Attempt to get parsing info during refresh. "On-the-fly" syntax checking information may be incorrect. [C:\Users\Neutral\Documents\TR sisdig\project_2\project_2.srcs\sources_1\new\TR.vhd:]
ERROR: [Common 17-180] Spawn failed: No error
launch_runs impl_1 -to_step write_bitstream -jobs 8
[Mon Jan  8 16:46:18 2024] Launched synth_1...
Run output will be captured here: C:/Users/Neutral/Documents/TR sisdig/project_2/project_2.runs/synth_1/runme.log
[Mon Jan  8 16:46:18 2024] Launched impl_1...
Run output will be captured here: C:/Users/Neutral/Documents/TR sisdig/project_2/project_2.runs/impl_1/runme.log
INFO: [Labtoolstcl 44-466] Opening hw_target localhost:3121/xilinx_tcf/Digilent/210292ABF932A
INFO: [Labtools 27-1435] Device xc7a100t (JTAG device index = 0) is not programmed (DONE status = 0).
WARNING: [Labtoolstcl 44-129] No matching hw_ila_data was found.
set_property PROBES.FILE {} [get_hw_devices xc7a100t_0]
set_property FULL_PROBES.FILE {} [get_hw_devices xc7a100t_0]
set_property PROGRAM.FILE {C:/Users/Neutral/Documents/TR sisdig/project_2/project_2.runs/impl_1/PmodENC.bit} [get_hw_devices xc7a100t_0]
program_hw_devices [get_hw_devices xc7a100t_0]
INFO: [Labtools 27-3164] End of startup status: HIGH
refresh_hw_device [lindex [get_hw_devices xc7a100t_0] 0]
INFO: [Labtools 27-1434] Device xc7a100t (JTAG device index = 0) is programmed with a design that has no supported debug core(s) in it.
ERROR: [Labtoolstcl 44-513] HW Target shutdown. Closing target: localhost:3121/xilinx_tcf/Digilent/210292ABF932A
WARNING: [filemgmt 56-199] Attempt to get parsing info during refresh. "On-the-fly" syntax checking information may be incorrect. [C:\Users\Neutral\Documents\TR sisdig\project_2\project_2.srcs\sources_1\new\disp.vhd:]
WARNING: [filemgmt 56-199] Attempt to get parsing info during refresh. "On-the-fly" syntax checking information may be incorrect. [C:\Users\Neutral\Documents\TR sisdig\project_2\project_2.srcs\sources_1\new\wwer.vhd:]
WARNING: [filemgmt 56-199] Attempt to get parsing info during refresh. "On-the-fly" syntax checking information may be incorrect. [C:\Users\Neutral\Documents\TR sisdig\project_2\project_2.srcs\sources_1\new\wer.vhd:]
WARNING: [filemgmt 56-199] Attempt to get parsing info during refresh. "On-the-fly" syntax checking information may be incorrect. [C:\Users\Neutral\Documents\TR sisdig\project_2\project_2.srcs\sources_1\new\TR.vhd:]
WARNING: [filemgmt 56-199] Attempt to get parsing info during refresh. "On-the-fly" syntax checking information may be incorrect. [C:\Users\Neutral\Documents\TR sisdig\project_2\project_2.srcs\sources_1\new\disp.vhd:]
WARNING: [filemgmt 56-199] Attempt to get parsing info during refresh. "On-the-fly" syntax checking information may be incorrect. [C:\Users\Neutral\Documents\TR sisdig\project_2\project_2.srcs\sources_1\new\wwer.vhd:]
WARNING: [filemgmt 56-199] Attempt to get parsing info during refresh. "On-the-fly" syntax checking information may be incorrect. [C:\Users\Neutral\Documents\TR sisdig\project_2\project_2.srcs\sources_1\new\wer.vhd:]
WARNING: [filemgmt 56-199] Attempt to get parsing info during refresh. "On-the-fly" syntax checking information may be incorrect. [C:\Users\Neutral\Documents\TR sisdig\project_2\project_2.srcs\sources_1\new\TR.vhd:]
ERROR: [Common 17-180] Spawn failed: No error
WARNING: [filemgmt 56-199] Attempt to get parsing info during refresh. "On-the-fly" syntax checking information may be incorrect. [C:\Users\Neutral\Documents\TR sisdig\project_2\project_2.srcs\sources_1\new\disp.vhd:]
WARNING: [filemgmt 56-199] Attempt to get parsing info during refresh. "On-the-fly" syntax checking information may be incorrect. [C:\Users\Neutral\Documents\TR sisdig\project_2\project_2.srcs\sources_1\new\wwer.vhd:]
WARNING: [filemgmt 56-199] Attempt to get parsing info during refresh. "On-the-fly" syntax checking information may be incorrect. [C:\Users\Neutral\Documents\TR sisdig\project_2\project_2.srcs\sources_1\new\wer.vhd:]
WARNING: [filemgmt 56-199] Attempt to get parsing info during refresh. "On-the-fly" syntax checking information may be incorrect. [C:\Users\Neutral\Documents\TR sisdig\project_2\project_2.srcs\sources_1\new\TR.vhd:]
ERROR: [Common 17-180] Spawn failed: No error
close_hw_manager
close_design
synth_design -rtl -rtl_skip_mlo -name rtl_1
Command: synth_design -rtl -rtl_skip_mlo -name rtl_1
Starting synth_design
Using part: xc7a100tcsg324-1
Top: PmodENC
INFO: [Synth 8-7079] Multithreading enabled for synth_design using a maximum of 2 processes.
---------------------------------------------------------------------------------
Starting RTL Elaboration : Time (s): cpu = 00:00:05 ; elapsed = 00:00:05 . Memory (MB): peak = 3021.379 ; gain = 0.000
---------------------------------------------------------------------------------
INFO: [Synth 8-638] synthesizing module 'PmodENC' [C:/Users/Neutral/Documents/TR sisdig/project_2/project_2.srcs/sources_1/new/TR.vhd:22]
INFO: [Synth 8-3491] module 'Debouncer' declared at 'C:/Users/Neutral/Documents/TR sisdig/project_2/project_2.srcs/sources_1/new/disp.vhd:8' bound to instance 'C0' of component 'Debouncer' [C:/Users/Neutral/Documents/TR sisdig/project_2/project_2.srcs/sources_1/new/TR.vhd:57]
INFO: [Synth 8-638] synthesizing module 'Debouncer' [C:/Users/Neutral/Documents/TR sisdig/project_2/project_2.srcs/sources_1/new/disp.vhd:19]
INFO: [Synth 8-256] done synthesizing module 'Debouncer' (0#1) [C:/Users/Neutral/Documents/TR sisdig/project_2/project_2.srcs/sources_1/new/disp.vhd:19]
INFO: [Synth 8-3491] module 'Encoder' declared at 'C:/Users/Neutral/Documents/TR sisdig/project_2/project_2.srcs/sources_1/new/wer.vhd:7' bound to instance 'C1' of component 'Encoder' [C:/Users/Neutral/Documents/TR sisdig/project_2/project_2.srcs/sources_1/new/TR.vhd:58]
INFO: [Synth 8-638] synthesizing module 'Encoder' [C:/Users/Neutral/Documents/TR sisdig/project_2/project_2.srcs/sources_1/new/wer.vhd:22]
INFO: [Synth 8-256] done synthesizing module 'Encoder' (0#1) [C:/Users/Neutral/Documents/TR sisdig/project_2/project_2.srcs/sources_1/new/wer.vhd:22]
INFO: [Synth 8-3491] module 'DisplayController' declared at 'C:/Users/Neutral/Documents/TR sisdig/project_2/project_2.srcs/sources_1/new/wwer.vhd:8' bound to instance 'C2' of component 'DisplayController' [C:/Users/Neutral/Documents/TR sisdig/project_2/project_2.srcs/sources_1/new/TR.vhd:59]
INFO: [Synth 8-638] synthesizing module 'DisplayController' [C:/Users/Neutral/Documents/TR sisdig/project_2/project_2.srcs/sources_1/new/wwer.vhd:21]
INFO: [Synth 8-256] done synthesizing module 'DisplayController' (0#1) [C:/Users/Neutral/Documents/TR sisdig/project_2/project_2.srcs/sources_1/new/wwer.vhd:21]
INFO: [Synth 8-256] done synthesizing module 'PmodENC' (0#1) [C:/Users/Neutral/Documents/TR sisdig/project_2/project_2.srcs/sources_1/new/TR.vhd:22]
---------------------------------------------------------------------------------
Finished RTL Elaboration : Time (s): cpu = 00:00:07 ; elapsed = 00:00:06 . Memory (MB): peak = 3021.379 ; gain = 0.000
---------------------------------------------------------------------------------
---------------------------------------------------------------------------------
Start Handling Custom Attributes
---------------------------------------------------------------------------------
---------------------------------------------------------------------------------
Finished Handling Custom Attributes : Time (s): cpu = 00:00:07 ; elapsed = 00:00:06 . Memory (MB): peak = 3021.379 ; gain = 0.000
---------------------------------------------------------------------------------
---------------------------------------------------------------------------------
Finished RTL Optimization Phase 1 : Time (s): cpu = 00:00:07 ; elapsed = 00:00:06 . Memory (MB): peak = 3021.379 ; gain = 0.000
---------------------------------------------------------------------------------
Netlist sorting complete. Time (s): cpu = 00:00:00 ; elapsed = 00:00:00.001 . Memory (MB): peak = 3021.379 ; gain = 0.000
INFO: [Project 1-570] Preparing netlist for logic optimization

Processing XDC Constraints
Initializing timing engine
Parsing XDC File [C:/Users/Neutral/Documents/TR sisdig/project_2/project_2.srcs/constrs_1/new/tr.xdc]
Finished Parsing XDC File [C:/Users/Neutral/Documents/TR sisdig/project_2/project_2.srcs/constrs_1/new/tr.xdc]
Completed Processing XDC Constraints

Netlist sorting complete. Time (s): cpu = 00:00:00 ; elapsed = 00:00:00 . Memory (MB): peak = 3021.379 ; gain = 0.000
INFO: [Project 1-111] Unisim Transformation Summary:
No Unisim elements were transformed.

RTL Elaboration Complete:  : Time (s): cpu = 00:00:08 ; elapsed = 00:00:08 . Memory (MB): peak = 3021.379 ; gain = 0.000
14 Infos, 0 Warnings, 0 Critical Warnings and 0 Errors encountered.
synth_design completed successfully
synth_design: Time (s): cpu = 00:00:08 ; elapsed = 00:00:08 . Memory (MB): peak = 3021.379 ; gain = 0.000
open_hw_manager
reset_run synth_1
INFO: [Project 1-1161] Replacing file C:/Users/Neutral/Documents/TR sisdig/project_2/project_2.srcs/utils_1/imports/synth_1/PmodENC.dcp with file C:/Users/Neutral/Documents/TR sisdig/project_2/project_2.runs/synth_1/PmodENC.dcp
WARNING: [filemgmt 56-199] Attempt to get parsing info during refresh. "On-the-fly" syntax checking information may be incorrect. [C:\Users\Neutral\Documents\TR sisdig\project_2\project_2.srcs\sources_1\new\disp.vhd:]
WARNING: [filemgmt 56-199] Attempt to get parsing info during refresh. "On-the-fly" syntax checking information may be incorrect. [C:\Users\Neutral\Documents\TR sisdig\project_2\project_2.srcs\sources_1\new\wwer.vhd:]
WARNING: [filemgmt 56-199] Attempt to get parsing info during refresh. "On-the-fly" syntax checking information may be incorrect. [C:\Users\Neutral\Documents\TR sisdig\project_2\project_2.srcs\sources_1\new\wer.vhd:]
WARNING: [filemgmt 56-199] Attempt to get parsing info during refresh. "On-the-fly" syntax checking information may be incorrect. [C:\Users\Neutral\Documents\TR sisdig\project_2\project_2.srcs\sources_1\new\TR.vhd:]
WARNING: [filemgmt 56-199] Attempt to get parsing info during refresh. "On-the-fly" syntax checking information may be incorrect. [C:\Users\Neutral\Documents\TR sisdig\project_2\project_2.srcs\sources_1\new\disp.vhd:]
WARNING: [filemgmt 56-199] Attempt to get parsing info during refresh. "On-the-fly" syntax checking information may be incorrect. [C:\Users\Neutral\Documents\TR sisdig\project_2\project_2.srcs\sources_1\new\wwer.vhd:]
WARNING: [filemgmt 56-199] Attempt to get parsing info during refresh. "On-the-fly" syntax checking information may be incorrect. [C:\Users\Neutral\Documents\TR sisdig\project_2\project_2.srcs\sources_1\new\wer.vhd:]
WARNING: [filemgmt 56-199] Attempt to get parsing info during refresh. "On-the-fly" syntax checking information may be incorrect. [C:\Users\Neutral\Documents\TR sisdig\project_2\project_2.srcs\sources_1\new\TR.vhd:]
ERROR: [Common 17-180] Spawn failed: No error
WARNING: [filemgmt 56-199] Attempt to get parsing info during refresh. "On-the-fly" syntax checking information may be incorrect. [C:\Users\Neutral\Documents\TR sisdig\project_2\project_2.srcs\sources_1\new\disp.vhd:]
WARNING: [filemgmt 56-199] Attempt to get parsing info during refresh. "On-the-fly" syntax checking information may be incorrect. [C:\Users\Neutral\Documents\TR sisdig\project_2\project_2.srcs\sources_1\new\wwer.vhd:]
WARNING: [filemgmt 56-199] Attempt to get parsing info during refresh. "On-the-fly" syntax checking information may be incorrect. [C:\Users\Neutral\Documents\TR sisdig\project_2\project_2.srcs\sources_1\new\wer.vhd:]
WARNING: [filemgmt 56-199] Attempt to get parsing info during refresh. "On-the-fly" syntax checking information may be incorrect. [C:\Users\Neutral\Documents\TR sisdig\project_2\project_2.srcs\sources_1\new\TR.vhd:]
ERROR: [Common 17-180] Spawn failed: No error
launch_runs impl_1 -to_step write_bitstream -jobs 8
[Mon Jan  8 17:38:32 2024] Launched synth_1...
Run output will be captured here: C:/Users/Neutral/Documents/TR sisdig/project_2/project_2.runs/synth_1/runme.log
[Mon Jan  8 17:38:32 2024] Launched impl_1...
Run output will be captured here: C:/Users/Neutral/Documents/TR sisdig/project_2/project_2.runs/impl_1/runme.log
connect_hw_server -allow_non_jtag
INFO: [Labtools 27-2285] Connecting to hw_server url TCP:localhost:3121
INFO: [Labtools 27-2222] Launching hw_server...
INFO: [Labtools 27-2221] Launch Output:
ECHO is off.
ECHO is off.

****** Xilinx hw_server v2023.2
  **** Build date : Oct 13 2023 at 21:31:40
    ** Copyright 1986-2022 Xilinx, Inc. All Rights Reserved.


INFO: [Labtools 27-3415] Connecting to cs_server url TCP:localhost:0
INFO: [Labtools 27-3417] Launching cs_server...
INFO: [Labtools 27-2221] Launch Output:
ECHO is off.
ECHO is off.


******** Xilinx cs_server v2023.2.0
  ****** Build date   : Oct 10 2023-11:01:56
    **** Build number : 2023.2.1696910516
      ** Copyright 2017-2022 Xilinx, Inc. All Rights Reserved.
      ** Copyright 2022-2024 Advanced Micro Devices, Inc. All Rights Reserved.



connect_hw_server: Time (s): cpu = 00:00:00 ; elapsed = 00:00:07 . Memory (MB): peak = 3024.047 ; gain = 0.000
open_hw_target
INFO: [Labtoolstcl 44-466] Opening hw_target localhost:3121/xilinx_tcf/Digilent/210292ABF932A
set_property PROGRAM.FILE {C:/Users/Neutral/Documents/TR sisdig/project_2/project_2.runs/impl_1/PmodENC.bit} [get_hw_devices xc7a100t_0]
current_hw_device [get_hw_devices xc7a100t_0]
refresh_hw_device -update_hw_probes false [lindex [get_hw_devices xc7a100t_0] 0]
INFO: [Labtools 27-1434] Device xc7a100t (JTAG device index = 0) is programmed with a design that has no supported debug core(s) in it.
set_property PROBES.FILE {} [get_hw_devices xc7a100t_0]
set_property FULL_PROBES.FILE {} [get_hw_devices xc7a100t_0]
set_property PROGRAM.FILE {C:/Users/Neutral/Documents/TR sisdig/project_2/project_2.runs/impl_1/PmodENC.bit} [get_hw_devices xc7a100t_0]
program_hw_devices [get_hw_devices xc7a100t_0]
INFO: [Labtools 27-3164] End of startup status: HIGH
refresh_hw_device [lindex [get_hw_devices xc7a100t_0] 0]
INFO: [Labtools 27-1434] Device xc7a100t (JTAG device index = 0) is programmed with a design that has no supported debug core(s) in it.
close_hw_manager
WARNING: [filemgmt 56-199] Attempt to get parsing info during refresh. "On-the-fly" syntax checking information may be incorrect. [C:\Users\Neutral\Documents\TR sisdig\project_2\project_2.srcs\sources_1\new\disp.vhd:]
WARNING: [filemgmt 56-199] Attempt to get parsing info during refresh. "On-the-fly" syntax checking information may be incorrect. [C:\Users\Neutral\Documents\TR sisdig\project_2\project_2.srcs\sources_1\new\wwer.vhd:]
WARNING: [filemgmt 56-199] Attempt to get parsing info during refresh. "On-the-fly" syntax checking information may be incorrect. [C:\Users\Neutral\Documents\TR sisdig\project_2\project_2.srcs\sources_1\new\wer.vhd:]
WARNING: [filemgmt 56-199] Attempt to get parsing info during refresh. "On-the-fly" syntax checking information may be incorrect. [C:\Users\Neutral\Documents\TR sisdig\project_2\project_2.srcs\sources_1\new\TR.vhd:]
WARNING: [filemgmt 56-199] Attempt to get parsing info during refresh. "On-the-fly" syntax checking information may be incorrect. [C:\Users\Neutral\Documents\TR sisdig\project_2\project_2.srcs\sources_1\new\disp.vhd:]
WARNING: [filemgmt 56-199] Attempt to get parsing info during refresh. "On-the-fly" syntax checking information may be incorrect. [C:\Users\Neutral\Documents\TR sisdig\project_2\project_2.srcs\sources_1\new\wwer.vhd:]
WARNING: [filemgmt 56-199] Attempt to get parsing info during refresh. "On-the-fly" syntax checking information may be incorrect. [C:\Users\Neutral\Documents\TR sisdig\project_2\project_2.srcs\sources_1\new\wer.vhd:]
WARNING: [filemgmt 56-199] Attempt to get parsing info during refresh. "On-the-fly" syntax checking information may be incorrect. [C:\Users\Neutral\Documents\TR sisdig\project_2\project_2.srcs\sources_1\new\TR.vhd:]
ERROR: [Common 17-180] Spawn failed: No error
ERROR: [Common 17-180] Spawn failed: No error
refresh_design
INFO: [Synth 8-7079] Multithreading enabled for synth_design using a maximum of 2 processes.
---------------------------------------------------------------------------------
Starting RTL Elaboration : Time (s): cpu = 00:00:05 ; elapsed = 00:00:05 . Memory (MB): peak = 3024.047 ; gain = 0.000
---------------------------------------------------------------------------------
INFO: [Synth 8-638] synthesizing module 'PmodENC' [C:/Users/Neutral/Documents/TR sisdig/project_2/project_2.srcs/sources_1/new/TR.vhd:22]
INFO: [Synth 8-3491] module 'Debouncer' declared at 'C:/Users/Neutral/Documents/TR sisdig/project_2/project_2.srcs/sources_1/new/disp.vhd:8' bound to instance 'C0' of component 'Debouncer' [C:/Users/Neutral/Documents/TR sisdig/project_2/project_2.srcs/sources_1/new/TR.vhd:57]
INFO: [Synth 8-638] synthesizing module 'Debouncer' [C:/Users/Neutral/Documents/TR sisdig/project_2/project_2.srcs/sources_1/new/disp.vhd:19]
INFO: [Synth 8-256] done synthesizing module 'Debouncer' (0#1) [C:/Users/Neutral/Documents/TR sisdig/project_2/project_2.srcs/sources_1/new/disp.vhd:19]
INFO: [Synth 8-3491] module 'Encoder' declared at 'C:/Users/Neutral/Documents/TR sisdig/project_2/project_2.srcs/sources_1/new/wer.vhd:7' bound to instance 'C1' of component 'Encoder' [C:/Users/Neutral/Documents/TR sisdig/project_2/project_2.srcs/sources_1/new/TR.vhd:58]
INFO: [Synth 8-638] synthesizing module 'Encoder' [C:/Users/Neutral/Documents/TR sisdig/project_2/project_2.srcs/sources_1/new/wer.vhd:22]
INFO: [Synth 8-256] done synthesizing module 'Encoder' (0#1) [C:/Users/Neutral/Documents/TR sisdig/project_2/project_2.srcs/sources_1/new/wer.vhd:22]
INFO: [Synth 8-3491] module 'DisplayController' declared at 'C:/Users/Neutral/Documents/TR sisdig/project_2/project_2.srcs/sources_1/new/wwer.vhd:8' bound to instance 'C2' of component 'DisplayController' [C:/Users/Neutral/Documents/TR sisdig/project_2/project_2.srcs/sources_1/new/TR.vhd:59]
INFO: [Synth 8-638] synthesizing module 'DisplayController' [C:/Users/Neutral/Documents/TR sisdig/project_2/project_2.srcs/sources_1/new/wwer.vhd:21]
INFO: [Synth 8-256] done synthesizing module 'DisplayController' (0#1) [C:/Users/Neutral/Documents/TR sisdig/project_2/project_2.srcs/sources_1/new/wwer.vhd:21]
INFO: [Synth 8-256] done synthesizing module 'PmodENC' (0#1) [C:/Users/Neutral/Documents/TR sisdig/project_2/project_2.srcs/sources_1/new/TR.vhd:22]
---------------------------------------------------------------------------------
Finished RTL Elaboration : Time (s): cpu = 00:00:06 ; elapsed = 00:00:06 . Memory (MB): peak = 3024.047 ; gain = 0.000
---------------------------------------------------------------------------------
---------------------------------------------------------------------------------
Start Handling Custom Attributes
---------------------------------------------------------------------------------
---------------------------------------------------------------------------------
Finished Handling Custom Attributes : Time (s): cpu = 00:00:06 ; elapsed = 00:00:06 . Memory (MB): peak = 3028.941 ; gain = 4.895
---------------------------------------------------------------------------------
---------------------------------------------------------------------------------
Finished RTL Optimization Phase 1 : Time (s): cpu = 00:00:06 ; elapsed = 00:00:06 . Memory (MB): peak = 3028.941 ; gain = 4.895
---------------------------------------------------------------------------------
Netlist sorting complete. Time (s): cpu = 00:00:00 ; elapsed = 00:00:00.002 . Memory (MB): peak = 3057.219 ; gain = 0.000
INFO: [Project 1-570] Preparing netlist for logic optimization

Processing XDC Constraints
Initializing timing engine
Parsing XDC File [C:/Users/Neutral/Documents/TR sisdig/project_2/project_2.srcs/constrs_1/new/tr.xdc]
Finished Parsing XDC File [C:/Users/Neutral/Documents/TR sisdig/project_2/project_2.srcs/constrs_1/new/tr.xdc]
Completed Processing XDC Constraints

refresh_design: Time (s): cpu = 00:00:08 ; elapsed = 00:00:09 . Memory (MB): peak = 3057.219 ; gain = 33.172
reset_run synth_1
INFO: [Project 1-1161] Replacing file C:/Users/Neutral/Documents/TR sisdig/project_2/project_2.srcs/utils_1/imports/synth_1/PmodENC.dcp with file C:/Users/Neutral/Documents/TR sisdig/project_2/project_2.runs/synth_1/PmodENC.dcp
WARNING: [filemgmt 56-199] Attempt to get parsing info during refresh. "On-the-fly" syntax checking information may be incorrect. [C:\Users\Neutral\Documents\TR sisdig\project_2\project_2.srcs\sources_1\new\disp.vhd:]
WARNING: [filemgmt 56-199] Attempt to get parsing info during refresh. "On-the-fly" syntax checking information may be incorrect. [C:\Users\Neutral\Documents\TR sisdig\project_2\project_2.srcs\sources_1\new\wwer.vhd:]
WARNING: [filemgmt 56-199] Attempt to get parsing info during refresh. "On-the-fly" syntax checking information may be incorrect. [C:\Users\Neutral\Documents\TR sisdig\project_2\project_2.srcs\sources_1\new\wer.vhd:]
WARNING: [filemgmt 56-199] Attempt to get parsing info during refresh. "On-the-fly" syntax checking information may be incorrect. [C:\Users\Neutral\Documents\TR sisdig\project_2\project_2.srcs\sources_1\new\TR.vhd:]
WARNING: [filemgmt 56-199] Attempt to get parsing info during refresh. "On-the-fly" syntax checking information may be incorrect. [C:\Users\Neutral\Documents\TR sisdig\project_2\project_2.srcs\sources_1\new\disp.vhd:]
WARNING: [filemgmt 56-199] Attempt to get parsing info during refresh. "On-the-fly" syntax checking information may be incorrect. [C:\Users\Neutral\Documents\TR sisdig\project_2\project_2.srcs\sources_1\new\wwer.vhd:]
WARNING: [filemgmt 56-199] Attempt to get parsing info during refresh. "On-the-fly" syntax checking information may be incorrect. [C:\Users\Neutral\Documents\TR sisdig\project_2\project_2.srcs\sources_1\new\wer.vhd:]
WARNING: [filemgmt 56-199] Attempt to get parsing info during refresh. "On-the-fly" syntax checking information may be incorrect. [C:\Users\Neutral\Documents\TR sisdig\project_2\project_2.srcs\sources_1\new\TR.vhd:]
ERROR: [Common 17-180] Spawn failed: No error
WARNING: [filemgmt 56-199] Attempt to get parsing info during refresh. "On-the-fly" syntax checking information may be incorrect. [C:\Users\Neutral\Documents\TR sisdig\project_2\project_2.srcs\sources_1\new\disp.vhd:]
WARNING: [filemgmt 56-199] Attempt to get parsing info during refresh. "On-the-fly" syntax checking information may be incorrect. [C:\Users\Neutral\Documents\TR sisdig\project_2\project_2.srcs\sources_1\new\wwer.vhd:]
WARNING: [filemgmt 56-199] Attempt to get parsing info during refresh. "On-the-fly" syntax checking information may be incorrect. [C:\Users\Neutral\Documents\TR sisdig\project_2\project_2.srcs\sources_1\new\wer.vhd:]
WARNING: [filemgmt 56-199] Attempt to get parsing info during refresh. "On-the-fly" syntax checking information may be incorrect. [C:\Users\Neutral\Documents\TR sisdig\project_2\project_2.srcs\sources_1\new\TR.vhd:]
ERROR: [Common 17-180] Spawn failed: No error
launch_runs impl_1 -to_step write_bitstream -jobs 8
[Mon Jan  8 18:22:38 2024] Launched synth_1...
Run output will be captured here: C:/Users/Neutral/Documents/TR sisdig/project_2/project_2.runs/synth_1/runme.log
[Mon Jan  8 18:22:38 2024] Launched impl_1...
Run output will be captured here: C:/Users/Neutral/Documents/TR sisdig/project_2/project_2.runs/impl_1/runme.log
open_hw_manager
connect_hw_server -allow_non_jtag
INFO: [Labtools 27-2285] Connecting to hw_server url TCP:localhost:3121
INFO: [Labtools 27-2222] Launching hw_server...
INFO: [Labtools 27-2221] Launch Output:
ECHO is off.
ECHO is off.

****** Xilinx hw_server v2023.2
  **** Build date : Oct 13 2023 at 21:31:40
    ** Copyright 1986-2022 Xilinx, Inc. All Rights Reserved.


INFO: [Labtools 27-3415] Connecting to cs_server url TCP:localhost:0
INFO: [Labtools 27-3417] Launching cs_server...
INFO: [Labtools 27-2221] Launch Output:
ECHO is off.
ECHO is off.


******** Xilinx cs_server v2023.2.0
  ****** Build date   : Oct 10 2023-11:01:56
    **** Build number : 2023.2.1696910516
      ** Copyright 2017-2022 Xilinx, Inc. All Rights Reserved.
      ** Copyright 2022-2024 Advanced Micro Devices, Inc. All Rights Reserved.



connect_hw_server: Time (s): cpu = 00:00:00 ; elapsed = 00:00:08 . Memory (MB): peak = 3057.219 ; gain = 0.000
open_hw_target
INFO: [Labtoolstcl 44-466] Opening hw_target localhost:3121/xilinx_tcf/Digilent/210292ABF932A
set_property PROGRAM.FILE {C:/Users/Neutral/Documents/TR sisdig/project_2/project_2.runs/impl_1/PmodENC.bit} [get_hw_devices xc7a100t_0]
current_hw_device [get_hw_devices xc7a100t_0]
refresh_hw_device -update_hw_probes false [lindex [get_hw_devices xc7a100t_0] 0]
INFO: [Labtools 27-1434] Device xc7a100t (JTAG device index = 0) is programmed with a design that has no supported debug core(s) in it.
set_property PROBES.FILE {} [get_hw_devices xc7a100t_0]
set_property FULL_PROBES.FILE {} [get_hw_devices xc7a100t_0]
set_property PROGRAM.FILE {C:/Users/Neutral/Documents/TR sisdig/project_2/project_2.runs/impl_1/PmodENC.bit} [get_hw_devices xc7a100t_0]
program_hw_devices [get_hw_devices xc7a100t_0]
INFO: [Labtools 27-3164] End of startup status: HIGH
refresh_hw_device [lindex [get_hw_devices xc7a100t_0] 0]
INFO: [Labtools 27-1434] Device xc7a100t (JTAG device index = 0) is programmed with a design that has no supported debug core(s) in it.
close_hw_manager
WARNING: [filemgmt 56-199] Attempt to get parsing info during refresh. "On-the-fly" syntax checking information may be incorrect. [C:\Users\Neutral\Documents\TR sisdig\project_2\project_2.srcs\sources_1\new\disp.vhd:]
WARNING: [filemgmt 56-199] Attempt to get parsing info during refresh. "On-the-fly" syntax checking information may be incorrect. [C:\Users\Neutral\Documents\TR sisdig\project_2\project_2.srcs\sources_1\new\wwer.vhd:]
WARNING: [filemgmt 56-199] Attempt to get parsing info during refresh. "On-the-fly" syntax checking information may be incorrect. [C:\Users\Neutral\Documents\TR sisdig\project_2\project_2.srcs\sources_1\new\wer.vhd:]
WARNING: [filemgmt 56-199] Attempt to get parsing info during refresh. "On-the-fly" syntax checking information may be incorrect. [C:\Users\Neutral\Documents\TR sisdig\project_2\project_2.srcs\sources_1\new\TR.vhd:]
WARNING: [filemgmt 56-199] Attempt to get parsing info during refresh. "On-the-fly" syntax checking information may be incorrect. [C:\Users\Neutral\Documents\TR sisdig\project_2\project_2.srcs\sources_1\new\disp.vhd:]
WARNING: [filemgmt 56-199] Attempt to get parsing info during refresh. "On-the-fly" syntax checking information may be incorrect. [C:\Users\Neutral\Documents\TR sisdig\project_2\project_2.srcs\sources_1\new\wwer.vhd:]
WARNING: [filemgmt 56-199] Attempt to get parsing info during refresh. "On-the-fly" syntax checking information may be incorrect. [C:\Users\Neutral\Documents\TR sisdig\project_2\project_2.srcs\sources_1\new\wer.vhd:]
WARNING: [filemgmt 56-199] Attempt to get parsing info during refresh. "On-the-fly" syntax checking information may be incorrect. [C:\Users\Neutral\Documents\TR sisdig\project_2\project_2.srcs\sources_1\new\TR.vhd:]
refresh_design
INFO: [Synth 8-7079] Multithreading enabled for synth_design using a maximum of 2 processes.
---------------------------------------------------------------------------------
Starting RTL Elaboration : Time (s): cpu = 00:00:04 ; elapsed = 00:00:05 . Memory (MB): peak = 3057.219 ; gain = 0.000
---------------------------------------------------------------------------------
INFO: [Synth 8-638] synthesizing module 'PmodENC' [C:/Users/Neutral/Documents/TR sisdig/project_2/project_2.srcs/sources_1/new/TR.vhd:22]
INFO: [Synth 8-3491] module 'Debouncer' declared at 'C:/Users/Neutral/Documents/TR sisdig/project_2/project_2.srcs/sources_1/new/disp.vhd:8' bound to instance 'C0' of component 'Debouncer' [C:/Users/Neutral/Documents/TR sisdig/project_2/project_2.srcs/sources_1/new/TR.vhd:57]
INFO: [Synth 8-638] synthesizing module 'Debouncer' [C:/Users/Neutral/Documents/TR sisdig/project_2/project_2.srcs/sources_1/new/disp.vhd:19]
INFO: [Synth 8-256] done synthesizing module 'Debouncer' (0#1) [C:/Users/Neutral/Documents/TR sisdig/project_2/project_2.srcs/sources_1/new/disp.vhd:19]
INFO: [Synth 8-3491] module 'Encoder' declared at 'C:/Users/Neutral/Documents/TR sisdig/project_2/project_2.srcs/sources_1/new/wer.vhd:7' bound to instance 'C1' of component 'Encoder' [C:/Users/Neutral/Documents/TR sisdig/project_2/project_2.srcs/sources_1/new/TR.vhd:58]
INFO: [Synth 8-638] synthesizing module 'Encoder' [C:/Users/Neutral/Documents/TR sisdig/project_2/project_2.srcs/sources_1/new/wer.vhd:22]
INFO: [Synth 8-256] done synthesizing module 'Encoder' (0#1) [C:/Users/Neutral/Documents/TR sisdig/project_2/project_2.srcs/sources_1/new/wer.vhd:22]
INFO: [Synth 8-3491] module 'DisplayController' declared at 'C:/Users/Neutral/Documents/TR sisdig/project_2/project_2.srcs/sources_1/new/wwer.vhd:8' bound to instance 'C2' of component 'DisplayController' [C:/Users/Neutral/Documents/TR sisdig/project_2/project_2.srcs/sources_1/new/TR.vhd:59]
INFO: [Synth 8-638] synthesizing module 'DisplayController' [C:/Users/Neutral/Documents/TR sisdig/project_2/project_2.srcs/sources_1/new/wwer.vhd:21]
INFO: [Synth 8-256] done synthesizing module 'DisplayController' (0#1) [C:/Users/Neutral/Documents/TR sisdig/project_2/project_2.srcs/sources_1/new/wwer.vhd:21]
INFO: [Synth 8-256] done synthesizing module 'PmodENC' (0#1) [C:/Users/Neutral/Documents/TR sisdig/project_2/project_2.srcs/sources_1/new/TR.vhd:22]
---------------------------------------------------------------------------------
Finished RTL Elaboration : Time (s): cpu = 00:00:06 ; elapsed = 00:00:06 . Memory (MB): peak = 3057.219 ; gain = 0.000
---------------------------------------------------------------------------------
---------------------------------------------------------------------------------
Start Handling Custom Attributes
---------------------------------------------------------------------------------
---------------------------------------------------------------------------------
Finished Handling Custom Attributes : Time (s): cpu = 00:00:06 ; elapsed = 00:00:06 . Memory (MB): peak = 3057.219 ; gain = 0.000
---------------------------------------------------------------------------------
---------------------------------------------------------------------------------
Finished RTL Optimization Phase 1 : Time (s): cpu = 00:00:06 ; elapsed = 00:00:06 . Memory (MB): peak = 3057.219 ; gain = 0.000
---------------------------------------------------------------------------------
Netlist sorting complete. Time (s): cpu = 00:00:00 ; elapsed = 00:00:00.001 . Memory (MB): peak = 3069.500 ; gain = 0.000
INFO: [Project 1-570] Preparing netlist for logic optimization

Processing XDC Constraints
Initializing timing engine
Parsing XDC File [C:/Users/Neutral/Documents/TR sisdig/project_2/project_2.srcs/constrs_1/new/tr.xdc]
Finished Parsing XDC File [C:/Users/Neutral/Documents/TR sisdig/project_2/project_2.srcs/constrs_1/new/tr.xdc]
Completed Processing XDC Constraints

refresh_design: Time (s): cpu = 00:00:08 ; elapsed = 00:00:09 . Memory (MB): peak = 3069.500 ; gain = 12.281
close_design
synth_design -rtl -rtl_skip_mlo -name rtl_1
Command: synth_design -rtl -rtl_skip_mlo -name rtl_1
Starting synth_design
Using part: xc7a100tcsg324-1
Top: PmodENC
INFO: [Synth 8-7079] Multithreading enabled for synth_design using a maximum of 2 processes.
---------------------------------------------------------------------------------
Starting RTL Elaboration : Time (s): cpu = 00:00:04 ; elapsed = 00:00:05 . Memory (MB): peak = 3069.500 ; gain = 0.000
---------------------------------------------------------------------------------
INFO: [Synth 8-638] synthesizing module 'PmodENC' [C:/Users/Neutral/Documents/TR sisdig/project_2/project_2.srcs/sources_1/new/TR.vhd:22]
INFO: [Synth 8-3491] module 'Debouncer' declared at 'C:/Users/Neutral/Documents/TR sisdig/project_2/project_2.srcs/sources_1/new/disp.vhd:8' bound to instance 'C0' of component 'Debouncer' [C:/Users/Neutral/Documents/TR sisdig/project_2/project_2.srcs/sources_1/new/TR.vhd:57]
INFO: [Synth 8-638] synthesizing module 'Debouncer' [C:/Users/Neutral/Documents/TR sisdig/project_2/project_2.srcs/sources_1/new/disp.vhd:19]
INFO: [Synth 8-256] done synthesizing module 'Debouncer' (0#1) [C:/Users/Neutral/Documents/TR sisdig/project_2/project_2.srcs/sources_1/new/disp.vhd:19]
INFO: [Synth 8-3491] module 'Encoder' declared at 'C:/Users/Neutral/Documents/TR sisdig/project_2/project_2.srcs/sources_1/new/wer.vhd:7' bound to instance 'C1' of component 'Encoder' [C:/Users/Neutral/Documents/TR sisdig/project_2/project_2.srcs/sources_1/new/TR.vhd:58]
INFO: [Synth 8-638] synthesizing module 'Encoder' [C:/Users/Neutral/Documents/TR sisdig/project_2/project_2.srcs/sources_1/new/wer.vhd:22]
INFO: [Synth 8-256] done synthesizing module 'Encoder' (0#1) [C:/Users/Neutral/Documents/TR sisdig/project_2/project_2.srcs/sources_1/new/wer.vhd:22]
INFO: [Synth 8-3491] module 'DisplayController' declared at 'C:/Users/Neutral/Documents/TR sisdig/project_2/project_2.srcs/sources_1/new/wwer.vhd:8' bound to instance 'C2' of component 'DisplayController' [C:/Users/Neutral/Documents/TR sisdig/project_2/project_2.srcs/sources_1/new/TR.vhd:59]
INFO: [Synth 8-638] synthesizing module 'DisplayController' [C:/Users/Neutral/Documents/TR sisdig/project_2/project_2.srcs/sources_1/new/wwer.vhd:21]
INFO: [Synth 8-256] done synthesizing module 'DisplayController' (0#1) [C:/Users/Neutral/Documents/TR sisdig/project_2/project_2.srcs/sources_1/new/wwer.vhd:21]
INFO: [Synth 8-256] done synthesizing module 'PmodENC' (0#1) [C:/Users/Neutral/Documents/TR sisdig/project_2/project_2.srcs/sources_1/new/TR.vhd:22]
---------------------------------------------------------------------------------
Finished RTL Elaboration : Time (s): cpu = 00:00:06 ; elapsed = 00:00:06 . Memory (MB): peak = 3069.500 ; gain = 0.000
---------------------------------------------------------------------------------
---------------------------------------------------------------------------------
Start Handling Custom Attributes
---------------------------------------------------------------------------------
---------------------------------------------------------------------------------
Finished Handling Custom Attributes : Time (s): cpu = 00:00:06 ; elapsed = 00:00:06 . Memory (MB): peak = 3069.500 ; gain = 0.000
---------------------------------------------------------------------------------
---------------------------------------------------------------------------------
Finished RTL Optimization Phase 1 : Time (s): cpu = 00:00:06 ; elapsed = 00:00:06 . Memory (MB): peak = 3069.500 ; gain = 0.000
---------------------------------------------------------------------------------
Netlist sorting complete. Time (s): cpu = 00:00:00 ; elapsed = 00:00:00.001 . Memory (MB): peak = 3069.500 ; gain = 0.000
INFO: [Project 1-570] Preparing netlist for logic optimization

Processing XDC Constraints
Initializing timing engine
Parsing XDC File [C:/Users/Neutral/Documents/TR sisdig/project_2/project_2.srcs/constrs_1/new/tr.xdc]
Finished Parsing XDC File [C:/Users/Neutral/Documents/TR sisdig/project_2/project_2.srcs/constrs_1/new/tr.xdc]
Completed Processing XDC Constraints

Netlist sorting complete. Time (s): cpu = 00:00:00 ; elapsed = 00:00:00 . Memory (MB): peak = 3069.500 ; gain = 0.000
INFO: [Project 1-111] Unisim Transformation Summary:
No Unisim elements were transformed.

RTL Elaboration Complete:  : Time (s): cpu = 00:00:08 ; elapsed = 00:00:08 . Memory (MB): peak = 3069.500 ; gain = 0.000
14 Infos, 0 Warnings, 0 Critical Warnings and 0 Errors encountered.
synth_design completed successfully
synth_design: Time (s): cpu = 00:00:08 ; elapsed = 00:00:08 . Memory (MB): peak = 3069.500 ; gain = 0.000
reset_run synth_1
INFO: [Project 1-1161] Replacing file C:/Users/Neutral/Documents/TR sisdig/project_2/project_2.srcs/utils_1/imports/synth_1/PmodENC.dcp with file C:/Users/Neutral/Documents/TR sisdig/project_2/project_2.runs/synth_1/PmodENC.dcp
WARNING: [filemgmt 56-199] Attempt to get parsing info during refresh. "On-the-fly" syntax checking information may be incorrect. [C:\Users\Neutral\Documents\TR sisdig\project_2\project_2.srcs\sources_1\new\disp.vhd:]
WARNING: [filemgmt 56-199] Attempt to get parsing info during refresh. "On-the-fly" syntax checking information may be incorrect. [C:\Users\Neutral\Documents\TR sisdig\project_2\project_2.srcs\sources_1\new\wwer.vhd:]
WARNING: [filemgmt 56-199] Attempt to get parsing info during refresh. "On-the-fly" syntax checking information may be incorrect. [C:\Users\Neutral\Documents\TR sisdig\project_2\project_2.srcs\sources_1\new\wer.vhd:]
WARNING: [filemgmt 56-199] Attempt to get parsing info during refresh. "On-the-fly" syntax checking information may be incorrect. [C:\Users\Neutral\Documents\TR sisdig\project_2\project_2.srcs\sources_1\new\TR.vhd:]
WARNING: [filemgmt 56-199] Attempt to get parsing info during refresh. "On-the-fly" syntax checking information may be incorrect. [C:\Users\Neutral\Documents\TR sisdig\project_2\project_2.srcs\sources_1\new\disp.vhd:]
WARNING: [filemgmt 56-199] Attempt to get parsing info during refresh. "On-the-fly" syntax checking information may be incorrect. [C:\Users\Neutral\Documents\TR sisdig\project_2\project_2.srcs\sources_1\new\wwer.vhd:]
WARNING: [filemgmt 56-199] Attempt to get parsing info during refresh. "On-the-fly" syntax checking information may be incorrect. [C:\Users\Neutral\Documents\TR sisdig\project_2\project_2.srcs\sources_1\new\wer.vhd:]
WARNING: [filemgmt 56-199] Attempt to get parsing info during refresh. "On-the-fly" syntax checking information may be incorrect. [C:\Users\Neutral\Documents\TR sisdig\project_2\project_2.srcs\sources_1\new\TR.vhd:]
ERROR: [Common 17-180] Spawn failed: No error
WARNING: [filemgmt 56-199] Attempt to get parsing info during refresh. "On-the-fly" syntax checking information may be incorrect. [C:\Users\Neutral\Documents\TR sisdig\project_2\project_2.srcs\sources_1\new\disp.vhd:]
WARNING: [filemgmt 56-199] Attempt to get parsing info during refresh. "On-the-fly" syntax checking information may be incorrect. [C:\Users\Neutral\Documents\TR sisdig\project_2\project_2.srcs\sources_1\new\wwer.vhd:]
WARNING: [filemgmt 56-199] Attempt to get parsing info during refresh. "On-the-fly" syntax checking information may be incorrect. [C:\Users\Neutral\Documents\TR sisdig\project_2\project_2.srcs\sources_1\new\wer.vhd:]
WARNING: [filemgmt 56-199] Attempt to get parsing info during refresh. "On-the-fly" syntax checking information may be incorrect. [C:\Users\Neutral\Documents\TR sisdig\project_2\project_2.srcs\sources_1\new\TR.vhd:]
ERROR: [Common 17-180] Spawn failed: No error
launch_runs impl_1 -to_step write_bitstream -jobs 8
[Mon Jan  8 18:27:07 2024] Launched synth_1...
Run output will be captured here: C:/Users/Neutral/Documents/TR sisdig/project_2/project_2.runs/synth_1/runme.log
[Mon Jan  8 18:27:07 2024] Launched impl_1...
Run output will be captured here: C:/Users/Neutral/Documents/TR sisdig/project_2/project_2.runs/impl_1/runme.log
reset_run impl_1 -prev_step 
launch_runs impl_1 -to_step write_bitstream -jobs 8
[Mon Jan  8 18:29:10 2024] Launched impl_1...
Run output will be captured here: C:/Users/Neutral/Documents/TR sisdig/project_2/project_2.runs/impl_1/runme.log
reset_run impl_1 -prev_step 
launch_runs impl_1 -to_step write_bitstream -jobs 8
[Mon Jan  8 18:29:32 2024] Launched impl_1...
Run output will be captured here: C:/Users/Neutral/Documents/TR sisdig/project_2/project_2.runs/impl_1/runme.log
open_hw_manager
connect_hw_server -allow_non_jtag
INFO: [Labtools 27-2285] Connecting to hw_server url TCP:localhost:3121
INFO: [Labtools 27-2222] Launching hw_server...
INFO: [Labtools 27-2221] Launch Output:
ECHO is off.
ECHO is off.

****** Xilinx hw_server v2023.2
  **** Build date : Oct 13 2023 at 21:31:40
    ** Copyright 1986-2022 Xilinx, Inc. All Rights Reserved.


INFO: [Labtools 27-3415] Connecting to cs_server url TCP:localhost:0
INFO: [Labtools 27-3417] Launching cs_server...
INFO: [Labtools 27-2221] Launch Output:
ECHO is off.
ECHO is off.


******** Xilinx cs_server v2023.2.0
  ****** Build date   : Oct 10 2023-11:01:56
    **** Build number : 2023.2.1696910516
      ** Copyright 2017-2022 Xilinx, Inc. All Rights Reserved.
      ** Copyright 2022-2024 Advanced Micro Devices, Inc. All Rights Reserved.



connect_hw_server: Time (s): cpu = 00:00:00 ; elapsed = 00:00:07 . Memory (MB): peak = 3069.500 ; gain = 0.000
open_hw_target
INFO: [Labtoolstcl 44-466] Opening hw_target localhost:3121/xilinx_tcf/Digilent/210292ABF932A
set_property PROGRAM.FILE {C:/Users/Neutral/Documents/TR sisdig/project_2/project_2.runs/impl_1/PmodENC.bit} [get_hw_devices xc7a100t_0]
current_hw_device [get_hw_devices xc7a100t_0]
refresh_hw_device -update_hw_probes false [lindex [get_hw_devices xc7a100t_0] 0]
INFO: [Labtools 27-1434] Device xc7a100t (JTAG device index = 0) is programmed with a design that has no supported debug core(s) in it.
set_property PROBES.FILE {} [get_hw_devices xc7a100t_0]
set_property FULL_PROBES.FILE {} [get_hw_devices xc7a100t_0]
set_property PROGRAM.FILE {C:/Users/Neutral/Documents/TR sisdig/project_2/project_2.runs/impl_1/PmodENC.bit} [get_hw_devices xc7a100t_0]
program_hw_devices [get_hw_devices xc7a100t_0]
INFO: [Labtools 27-3164] End of startup status: HIGH
refresh_hw_device [lindex [get_hw_devices xc7a100t_0] 0]
INFO: [Labtools 27-1434] Device xc7a100t (JTAG device index = 0) is programmed with a design that has no supported debug core(s) in it.
close_hw_manager
WARNING: [filemgmt 56-199] Attempt to get parsing info during refresh. "On-the-fly" syntax checking information may be incorrect. [C:\Users\Neutral\Documents\TR sisdig\project_2\project_2.srcs\sources_1\new\disp.vhd:]
WARNING: [filemgmt 56-199] Attempt to get parsing info during refresh. "On-the-fly" syntax checking information may be incorrect. [C:\Users\Neutral\Documents\TR sisdig\project_2\project_2.srcs\sources_1\new\wwer.vhd:]
WARNING: [filemgmt 56-199] Attempt to get parsing info during refresh. "On-the-fly" syntax checking information may be incorrect. [C:\Users\Neutral\Documents\TR sisdig\project_2\project_2.srcs\sources_1\new\wer.vhd:]
WARNING: [filemgmt 56-199] Attempt to get parsing info during refresh. "On-the-fly" syntax checking information may be incorrect. [C:\Users\Neutral\Documents\TR sisdig\project_2\project_2.srcs\sources_1\new\TR.vhd:]
WARNING: [filemgmt 56-199] Attempt to get parsing info during refresh. "On-the-fly" syntax checking information may be incorrect. [C:\Users\Neutral\Documents\TR sisdig\project_2\project_2.srcs\sources_1\new\disp.vhd:]
WARNING: [filemgmt 56-199] Attempt to get parsing info during refresh. "On-the-fly" syntax checking information may be incorrect. [C:\Users\Neutral\Documents\TR sisdig\project_2\project_2.srcs\sources_1\new\wwer.vhd:]
WARNING: [filemgmt 56-199] Attempt to get parsing info during refresh. "On-the-fly" syntax checking information may be incorrect. [C:\Users\Neutral\Documents\TR sisdig\project_2\project_2.srcs\sources_1\new\wer.vhd:]
WARNING: [filemgmt 56-199] Attempt to get parsing info during refresh. "On-the-fly" syntax checking information may be incorrect. [C:\Users\Neutral\Documents\TR sisdig\project_2\project_2.srcs\sources_1\new\TR.vhd:]
ERROR: [Common 17-180] Spawn failed: No error
WARNING: [filemgmt 56-199] Attempt to get parsing info during refresh. "On-the-fly" syntax checking information may be incorrect. [C:\Users\Neutral\Documents\TR sisdig\project_2\project_2.srcs\sources_1\new\disp.vhd:]
WARNING: [filemgmt 56-199] Attempt to get parsing info during refresh. "On-the-fly" syntax checking information may be incorrect. [C:\Users\Neutral\Documents\TR sisdig\project_2\project_2.srcs\sources_1\new\wwer.vhd:]
WARNING: [filemgmt 56-199] Attempt to get parsing info during refresh. "On-the-fly" syntax checking information may be incorrect. [C:\Users\Neutral\Documents\TR sisdig\project_2\project_2.srcs\sources_1\new\wer.vhd:]
WARNING: [filemgmt 56-199] Attempt to get parsing info during refresh. "On-the-fly" syntax checking information may be incorrect. [C:\Users\Neutral\Documents\TR sisdig\project_2\project_2.srcs\sources_1\new\TR.vhd:]
ERROR: [Common 17-180] Spawn failed: No error
refresh_design
INFO: [Synth 8-7079] Multithreading enabled for synth_design using a maximum of 2 processes.
---------------------------------------------------------------------------------
Starting RTL Elaboration : Time (s): cpu = 00:00:04 ; elapsed = 00:00:05 . Memory (MB): peak = 3069.500 ; gain = 0.000
---------------------------------------------------------------------------------
INFO: [Synth 8-638] synthesizing module 'PmodENC' [C:/Users/Neutral/Documents/TR sisdig/project_2/project_2.srcs/sources_1/new/TR.vhd:22]
INFO: [Synth 8-3491] module 'Debouncer' declared at 'C:/Users/Neutral/Documents/TR sisdig/project_2/project_2.srcs/sources_1/new/disp.vhd:8' bound to instance 'C0' of component 'Debouncer' [C:/Users/Neutral/Documents/TR sisdig/project_2/project_2.srcs/sources_1/new/TR.vhd:57]
INFO: [Synth 8-638] synthesizing module 'Debouncer' [C:/Users/Neutral/Documents/TR sisdig/project_2/project_2.srcs/sources_1/new/disp.vhd:19]
INFO: [Synth 8-256] done synthesizing module 'Debouncer' (0#1) [C:/Users/Neutral/Documents/TR sisdig/project_2/project_2.srcs/sources_1/new/disp.vhd:19]
INFO: [Synth 8-3491] module 'Encoder' declared at 'C:/Users/Neutral/Documents/TR sisdig/project_2/project_2.srcs/sources_1/new/wer.vhd:7' bound to instance 'C1' of component 'Encoder' [C:/Users/Neutral/Documents/TR sisdig/project_2/project_2.srcs/sources_1/new/TR.vhd:58]
INFO: [Synth 8-638] synthesizing module 'Encoder' [C:/Users/Neutral/Documents/TR sisdig/project_2/project_2.srcs/sources_1/new/wer.vhd:22]
INFO: [Synth 8-256] done synthesizing module 'Encoder' (0#1) [C:/Users/Neutral/Documents/TR sisdig/project_2/project_2.srcs/sources_1/new/wer.vhd:22]
INFO: [Synth 8-3491] module 'DisplayController' declared at 'C:/Users/Neutral/Documents/TR sisdig/project_2/project_2.srcs/sources_1/new/wwer.vhd:8' bound to instance 'C2' of component 'DisplayController' [C:/Users/Neutral/Documents/TR sisdig/project_2/project_2.srcs/sources_1/new/TR.vhd:59]
INFO: [Synth 8-638] synthesizing module 'DisplayController' [C:/Users/Neutral/Documents/TR sisdig/project_2/project_2.srcs/sources_1/new/wwer.vhd:21]
INFO: [Synth 8-256] done synthesizing module 'DisplayController' (0#1) [C:/Users/Neutral/Documents/TR sisdig/project_2/project_2.srcs/sources_1/new/wwer.vhd:21]
INFO: [Synth 8-256] done synthesizing module 'PmodENC' (0#1) [C:/Users/Neutral/Documents/TR sisdig/project_2/project_2.srcs/sources_1/new/TR.vhd:22]
---------------------------------------------------------------------------------
Finished RTL Elaboration : Time (s): cpu = 00:00:06 ; elapsed = 00:00:06 . Memory (MB): peak = 3069.500 ; gain = 0.000
---------------------------------------------------------------------------------
---------------------------------------------------------------------------------
Start Handling Custom Attributes
---------------------------------------------------------------------------------
---------------------------------------------------------------------------------
Finished Handling Custom Attributes : Time (s): cpu = 00:00:06 ; elapsed = 00:00:06 . Memory (MB): peak = 3069.500 ; gain = 0.000
---------------------------------------------------------------------------------
---------------------------------------------------------------------------------
Finished RTL Optimization Phase 1 : Time (s): cpu = 00:00:06 ; elapsed = 00:00:06 . Memory (MB): peak = 3069.500 ; gain = 0.000
---------------------------------------------------------------------------------
Netlist sorting complete. Time (s): cpu = 00:00:00 ; elapsed = 00:00:00.002 . Memory (MB): peak = 3085.344 ; gain = 0.000
INFO: [Project 1-570] Preparing netlist for logic optimization

Processing XDC Constraints
Initializing timing engine
Parsing XDC File [C:/Users/Neutral/Documents/TR sisdig/project_2/project_2.srcs/constrs_1/new/tr.xdc]
Finished Parsing XDC File [C:/Users/Neutral/Documents/TR sisdig/project_2/project_2.srcs/constrs_1/new/tr.xdc]
Completed Processing XDC Constraints

refresh_design: Time (s): cpu = 00:00:09 ; elapsed = 00:00:09 . Memory (MB): peak = 3085.344 ; gain = 15.844
reset_run synth_1
INFO: [Project 1-1161] Replacing file C:/Users/Neutral/Documents/TR sisdig/project_2/project_2.srcs/utils_1/imports/synth_1/PmodENC.dcp with file C:/Users/Neutral/Documents/TR sisdig/project_2/project_2.runs/synth_1/PmodENC.dcp
launch_runs impl_1 -to_step write_bitstream -jobs 8
[Mon Jan  8 18:35:34 2024] Launched synth_1...
Run output will be captured here: C:/Users/Neutral/Documents/TR sisdig/project_2/project_2.runs/synth_1/runme.log
[Mon Jan  8 18:35:34 2024] Launched impl_1...
Run output will be captured here: C:/Users/Neutral/Documents/TR sisdig/project_2/project_2.runs/impl_1/runme.log
WARNING: [filemgmt 56-199] Attempt to get parsing info during refresh. "On-the-fly" syntax checking information may be incorrect. [C:\Users\Neutral\Documents\TR sisdig\project_2\project_2.srcs\sources_1\new\disp.vhd:]
WARNING: [filemgmt 56-199] Attempt to get parsing info during refresh. "On-the-fly" syntax checking information may be incorrect. [C:\Users\Neutral\Documents\TR sisdig\project_2\project_2.srcs\sources_1\new\wwer.vhd:]
WARNING: [filemgmt 56-199] Attempt to get parsing info during refresh. "On-the-fly" syntax checking information may be incorrect. [C:\Users\Neutral\Documents\TR sisdig\project_2\project_2.srcs\sources_1\new\wer.vhd:]
WARNING: [filemgmt 56-199] Attempt to get parsing info during refresh. "On-the-fly" syntax checking information may be incorrect. [C:\Users\Neutral\Documents\TR sisdig\project_2\project_2.srcs\sources_1\new\TR.vhd:]
WARNING: [filemgmt 56-199] Attempt to get parsing info during refresh. "On-the-fly" syntax checking information may be incorrect. [C:\Users\Neutral\Documents\TR sisdig\project_2\project_2.srcs\sources_1\new\disp.vhd:]
WARNING: [filemgmt 56-199] Attempt to get parsing info during refresh. "On-the-fly" syntax checking information may be incorrect. [C:\Users\Neutral\Documents\TR sisdig\project_2\project_2.srcs\sources_1\new\wwer.vhd:]
WARNING: [filemgmt 56-199] Attempt to get parsing info during refresh. "On-the-fly" syntax checking information may be incorrect. [C:\Users\Neutral\Documents\TR sisdig\project_2\project_2.srcs\sources_1\new\wer.vhd:]
WARNING: [filemgmt 56-199] Attempt to get parsing info during refresh. "On-the-fly" syntax checking information may be incorrect. [C:\Users\Neutral\Documents\TR sisdig\project_2\project_2.srcs\sources_1\new\TR.vhd:]
WARNING: [filemgmt 56-199] Attempt to get parsing info during refresh. "On-the-fly" syntax checking information may be incorrect. [C:\Users\Neutral\Documents\TR sisdig\project_2\project_2.srcs\sources_1\new\disp.vhd:]
WARNING: [filemgmt 56-199] Attempt to get parsing info during refresh. "On-the-fly" syntax checking information may be incorrect. [C:\Users\Neutral\Documents\TR sisdig\project_2\project_2.srcs\sources_1\new\wwer.vhd:]
WARNING: [filemgmt 56-199] Attempt to get parsing info during refresh. "On-the-fly" syntax checking information may be incorrect. [C:\Users\Neutral\Documents\TR sisdig\project_2\project_2.srcs\sources_1\new\wer.vhd:]
WARNING: [filemgmt 56-199] Attempt to get parsing info during refresh. "On-the-fly" syntax checking information may be incorrect. [C:\Users\Neutral\Documents\TR sisdig\project_2\project_2.srcs\sources_1\new\TR.vhd:]
ERROR: [Common 17-180] Spawn failed: No error
open_hw_manager
connect_hw_server -allow_non_jtag
INFO: [Labtools 27-2285] Connecting to hw_server url TCP:localhost:3121
INFO: [Labtools 27-2222] Launching hw_server...
INFO: [Labtools 27-2221] Launch Output:
ECHO is off.
ECHO is off.

****** Xilinx hw_server v2023.2
  **** Build date : Oct 13 2023 at 21:31:40
    ** Copyright 1986-2022 Xilinx, Inc. All Rights Reserved.


INFO: [Labtools 27-3415] Connecting to cs_server url TCP:localhost:0
INFO: [Labtools 27-3417] Launching cs_server...
INFO: [Labtools 27-2221] Launch Output:
ECHO is off.
ECHO is off.


******** Xilinx cs_server v2023.2.0
  ****** Build date   : Oct 10 2023-11:01:56
    **** Build number : 2023.2.1696910516
      ** Copyright 2017-2022 Xilinx, Inc. All Rights Reserved.
      ** Copyright 2022-2024 Advanced Micro Devices, Inc. All Rights Reserved.



connect_hw_server: Time (s): cpu = 00:00:00 ; elapsed = 00:00:07 . Memory (MB): peak = 3085.344 ; gain = 0.000
open_hw_target
INFO: [Labtoolstcl 44-466] Opening hw_target localhost:3121/xilinx_tcf/Digilent/210292ABF932A
set_property PROGRAM.FILE {C:/Users/Neutral/Documents/TR sisdig/project_2/project_2.runs/impl_1/PmodENC.bit} [get_hw_devices xc7a100t_0]
current_hw_device [get_hw_devices xc7a100t_0]
refresh_hw_device -update_hw_probes false [lindex [get_hw_devices xc7a100t_0] 0]
INFO: [Labtools 27-1434] Device xc7a100t (JTAG device index = 0) is programmed with a design that has no supported debug core(s) in it.
set_property PROBES.FILE {} [get_hw_devices xc7a100t_0]
set_property FULL_PROBES.FILE {} [get_hw_devices xc7a100t_0]
set_property PROGRAM.FILE {C:/Users/Neutral/Documents/TR sisdig/project_2/project_2.runs/impl_1/PmodENC.bit} [get_hw_devices xc7a100t_0]
program_hw_devices [get_hw_devices xc7a100t_0]
INFO: [Labtools 27-3164] End of startup status: HIGH
refresh_hw_device [lindex [get_hw_devices xc7a100t_0] 0]
INFO: [Labtools 27-1434] Device xc7a100t (JTAG device index = 0) is programmed with a design that has no supported debug core(s) in it.
WARNING: [filemgmt 56-199] Attempt to get parsing info during refresh. "On-the-fly" syntax checking information may be incorrect. [C:\Users\Neutral\Documents\TR sisdig\project_2\project_2.srcs\sources_1\new\disp.vhd:]
WARNING: [filemgmt 56-199] Attempt to get parsing info during refresh. "On-the-fly" syntax checking information may be incorrect. [C:\Users\Neutral\Documents\TR sisdig\project_2\project_2.srcs\sources_1\new\wwer.vhd:]
WARNING: [filemgmt 56-199] Attempt to get parsing info during refresh. "On-the-fly" syntax checking information may be incorrect. [C:\Users\Neutral\Documents\TR sisdig\project_2\project_2.srcs\sources_1\new\wer.vhd:]
WARNING: [filemgmt 56-199] Attempt to get parsing info during refresh. "On-the-fly" syntax checking information may be incorrect. [C:\Users\Neutral\Documents\TR sisdig\project_2\project_2.srcs\sources_1\new\TR.vhd:]
WARNING: [filemgmt 56-199] Attempt to get parsing info during refresh. "On-the-fly" syntax checking information may be incorrect. [C:\Users\Neutral\Documents\TR sisdig\project_2\project_2.srcs\sources_1\new\disp.vhd:]
WARNING: [filemgmt 56-199] Attempt to get parsing info during refresh. "On-the-fly" syntax checking information may be incorrect. [C:\Users\Neutral\Documents\TR sisdig\project_2\project_2.srcs\sources_1\new\wwer.vhd:]
WARNING: [filemgmt 56-199] Attempt to get parsing info during refresh. "On-the-fly" syntax checking information may be incorrect. [C:\Users\Neutral\Documents\TR sisdig\project_2\project_2.srcs\sources_1\new\wer.vhd:]
WARNING: [filemgmt 56-199] Attempt to get parsing info during refresh. "On-the-fly" syntax checking information may be incorrect. [C:\Users\Neutral\Documents\TR sisdig\project_2\project_2.srcs\sources_1\new\TR.vhd:]
ERROR: [Common 17-180] Spawn failed: No error
ERROR: [Common 17-180] Spawn failed: No error
set_property needs_refresh false [get_runs synth_1]
set_property needs_refresh false [get_runs impl_1]
WARNING: [filemgmt 56-199] Attempt to get parsing info during refresh. "On-the-fly" syntax checking information may be incorrect. [C:\Users\Neutral\Documents\TR sisdig\project_2\project_2.srcs\sources_1\new\disp.vhd:]
WARNING: [filemgmt 56-199] Attempt to get parsing info during refresh. "On-the-fly" syntax checking information may be incorrect. [C:\Users\Neutral\Documents\TR sisdig\project_2\project_2.srcs\sources_1\new\wwer.vhd:]
WARNING: [filemgmt 56-199] Attempt to get parsing info during refresh. "On-the-fly" syntax checking information may be incorrect. [C:\Users\Neutral\Documents\TR sisdig\project_2\project_2.srcs\sources_1\new\wer.vhd:]
WARNING: [filemgmt 56-199] Attempt to get parsing info during refresh. "On-the-fly" syntax checking information may be incorrect. [C:\Users\Neutral\Documents\TR sisdig\project_2\project_2.srcs\sources_1\new\TR.vhd:]
WARNING: [filemgmt 56-199] Attempt to get parsing info during refresh. "On-the-fly" syntax checking information may be incorrect. [C:\Users\Neutral\Documents\TR sisdig\project_2\project_2.srcs\sources_1\new\disp.vhd:]
WARNING: [filemgmt 56-199] Attempt to get parsing info during refresh. "On-the-fly" syntax checking information may be incorrect. [C:\Users\Neutral\Documents\TR sisdig\project_2\project_2.srcs\sources_1\new\wwer.vhd:]
WARNING: [filemgmt 56-199] Attempt to get parsing info during refresh. "On-the-fly" syntax checking information may be incorrect. [C:\Users\Neutral\Documents\TR sisdig\project_2\project_2.srcs\sources_1\new\wer.vhd:]
WARNING: [filemgmt 56-199] Attempt to get parsing info during refresh. "On-the-fly" syntax checking information may be incorrect. [C:\Users\Neutral\Documents\TR sisdig\project_2\project_2.srcs\sources_1\new\TR.vhd:]
ERROR: [Common 17-180] Spawn failed: No error
WARNING: [filemgmt 56-199] Attempt to get parsing info during refresh. "On-the-fly" syntax checking information may be incorrect. [C:\Users\Neutral\Documents\TR sisdig\project_2\project_2.srcs\sources_1\new\disp.vhd:]
WARNING: [filemgmt 56-199] Attempt to get parsing info during refresh. "On-the-fly" syntax checking information may be incorrect. [C:\Users\Neutral\Documents\TR sisdig\project_2\project_2.srcs\sources_1\new\wwer.vhd:]
WARNING: [filemgmt 56-199] Attempt to get parsing info during refresh. "On-the-fly" syntax checking information may be incorrect. [C:\Users\Neutral\Documents\TR sisdig\project_2\project_2.srcs\sources_1\new\wer.vhd:]
WARNING: [filemgmt 56-199] Attempt to get parsing info during refresh. "On-the-fly" syntax checking information may be incorrect. [C:\Users\Neutral\Documents\TR sisdig\project_2\project_2.srcs\sources_1\new\TR.vhd:]
ERROR: [Common 17-180] Spawn failed: No error
refresh_design
INFO: [Synth 8-7079] Multithreading enabled for synth_design using a maximum of 2 processes.
---------------------------------------------------------------------------------
Starting RTL Elaboration : Time (s): cpu = 00:00:05 ; elapsed = 00:00:05 . Memory (MB): peak = 3085.344 ; gain = 0.000
---------------------------------------------------------------------------------
INFO: [Synth 8-638] synthesizing module 'PmodENC' [C:/Users/Neutral/Documents/TR sisdig/project_2/project_2.srcs/sources_1/new/TR.vhd:22]
INFO: [Synth 8-3491] module 'Debouncer' declared at 'C:/Users/Neutral/Documents/TR sisdig/project_2/project_2.srcs/sources_1/new/disp.vhd:8' bound to instance 'C0' of component 'Debouncer' [C:/Users/Neutral/Documents/TR sisdig/project_2/project_2.srcs/sources_1/new/TR.vhd:57]
INFO: [Synth 8-638] synthesizing module 'Debouncer' [C:/Users/Neutral/Documents/TR sisdig/project_2/project_2.srcs/sources_1/new/disp.vhd:19]
INFO: [Synth 8-256] done synthesizing module 'Debouncer' (0#1) [C:/Users/Neutral/Documents/TR sisdig/project_2/project_2.srcs/sources_1/new/disp.vhd:19]
INFO: [Synth 8-3491] module 'Encoder' declared at 'C:/Users/Neutral/Documents/TR sisdig/project_2/project_2.srcs/sources_1/new/wer.vhd:7' bound to instance 'C1' of component 'Encoder' [C:/Users/Neutral/Documents/TR sisdig/project_2/project_2.srcs/sources_1/new/TR.vhd:58]
INFO: [Synth 8-638] synthesizing module 'Encoder' [C:/Users/Neutral/Documents/TR sisdig/project_2/project_2.srcs/sources_1/new/wer.vhd:22]
INFO: [Synth 8-256] done synthesizing module 'Encoder' (0#1) [C:/Users/Neutral/Documents/TR sisdig/project_2/project_2.srcs/sources_1/new/wer.vhd:22]
INFO: [Synth 8-3491] module 'DisplayController' declared at 'C:/Users/Neutral/Documents/TR sisdig/project_2/project_2.srcs/sources_1/new/wwer.vhd:8' bound to instance 'C2' of component 'DisplayController' [C:/Users/Neutral/Documents/TR sisdig/project_2/project_2.srcs/sources_1/new/TR.vhd:59]
INFO: [Synth 8-638] synthesizing module 'DisplayController' [C:/Users/Neutral/Documents/TR sisdig/project_2/project_2.srcs/sources_1/new/wwer.vhd:21]
INFO: [Synth 8-256] done synthesizing module 'DisplayController' (0#1) [C:/Users/Neutral/Documents/TR sisdig/project_2/project_2.srcs/sources_1/new/wwer.vhd:21]
INFO: [Synth 8-256] done synthesizing module 'PmodENC' (0#1) [C:/Users/Neutral/Documents/TR sisdig/project_2/project_2.srcs/sources_1/new/TR.vhd:22]
---------------------------------------------------------------------------------
Finished RTL Elaboration : Time (s): cpu = 00:00:07 ; elapsed = 00:00:06 . Memory (MB): peak = 3085.344 ; gain = 0.000
---------------------------------------------------------------------------------
---------------------------------------------------------------------------------
Start Handling Custom Attributes
---------------------------------------------------------------------------------
---------------------------------------------------------------------------------
Finished Handling Custom Attributes : Time (s): cpu = 00:00:07 ; elapsed = 00:00:06 . Memory (MB): peak = 3085.344 ; gain = 0.000
---------------------------------------------------------------------------------
---------------------------------------------------------------------------------
Finished RTL Optimization Phase 1 : Time (s): cpu = 00:00:07 ; elapsed = 00:00:06 . Memory (MB): peak = 3085.344 ; gain = 0.000
---------------------------------------------------------------------------------
Netlist sorting complete. Time (s): cpu = 00:00:00 ; elapsed = 00:00:00.002 . Memory (MB): peak = 3088.918 ; gain = 0.000
INFO: [Project 1-570] Preparing netlist for logic optimization

Processing XDC Constraints
Initializing timing engine
Parsing XDC File [C:/Users/Neutral/Documents/TR sisdig/project_2/project_2.srcs/constrs_1/new/tr.xdc]
Finished Parsing XDC File [C:/Users/Neutral/Documents/TR sisdig/project_2/project_2.srcs/constrs_1/new/tr.xdc]
Completed Processing XDC Constraints

refresh_design: Time (s): cpu = 00:00:09 ; elapsed = 00:00:09 . Memory (MB): peak = 3088.918 ; gain = 3.574
reset_run synth_1
INFO: [Project 1-1161] Replacing file C:/Users/Neutral/Documents/TR sisdig/project_2/project_2.srcs/utils_1/imports/synth_1/PmodENC.dcp with file C:/Users/Neutral/Documents/TR sisdig/project_2/project_2.runs/synth_1/PmodENC.dcp
launch_runs impl_1 -to_step write_bitstream -jobs 8
[Mon Jan  8 18:54:19 2024] Launched synth_1...
Run output will be captured here: C:/Users/Neutral/Documents/TR sisdig/project_2/project_2.runs/synth_1/runme.log
[Mon Jan  8 18:54:20 2024] Launched impl_1...
Run output will be captured here: C:/Users/Neutral/Documents/TR sisdig/project_2/project_2.runs/impl_1/runme.log
WARNING: [filemgmt 56-199] Attempt to get parsing info during refresh. "On-the-fly" syntax checking information may be incorrect. [C:\Users\Neutral\Documents\TR sisdig\project_2\project_2.srcs\sources_1\new\disp.vhd:]
WARNING: [filemgmt 56-199] Attempt to get parsing info during refresh. "On-the-fly" syntax checking information may be incorrect. [C:\Users\Neutral\Documents\TR sisdig\project_2\project_2.srcs\sources_1\new\wwer.vhd:]
WARNING: [filemgmt 56-199] Attempt to get parsing info during refresh. "On-the-fly" syntax checking information may be incorrect. [C:\Users\Neutral\Documents\TR sisdig\project_2\project_2.srcs\sources_1\new\wer.vhd:]
WARNING: [filemgmt 56-199] Attempt to get parsing info during refresh. "On-the-fly" syntax checking information may be incorrect. [C:\Users\Neutral\Documents\TR sisdig\project_2\project_2.srcs\sources_1\new\TR.vhd:]
WARNING: [filemgmt 56-199] Attempt to get parsing info during refresh. "On-the-fly" syntax checking information may be incorrect. [C:\Users\Neutral\Documents\TR sisdig\project_2\project_2.srcs\sources_1\new\disp.vhd:]
WARNING: [filemgmt 56-199] Attempt to get parsing info during refresh. "On-the-fly" syntax checking information may be incorrect. [C:\Users\Neutral\Documents\TR sisdig\project_2\project_2.srcs\sources_1\new\wwer.vhd:]
WARNING: [filemgmt 56-199] Attempt to get parsing info during refresh. "On-the-fly" syntax checking information may be incorrect. [C:\Users\Neutral\Documents\TR sisdig\project_2\project_2.srcs\sources_1\new\wer.vhd:]
WARNING: [filemgmt 56-199] Attempt to get parsing info during refresh. "On-the-fly" syntax checking information may be incorrect. [C:\Users\Neutral\Documents\TR sisdig\project_2\project_2.srcs\sources_1\new\TR.vhd:]
ERROR: [Common 17-180] Spawn failed: No error
WARNING: [filemgmt 56-199] Attempt to get parsing info during refresh. "On-the-fly" syntax checking information may be incorrect. [C:\Users\Neutral\Documents\TR sisdig\project_2\project_2.srcs\sources_1\new\disp.vhd:]
WARNING: [filemgmt 56-199] Attempt to get parsing info during refresh. "On-the-fly" syntax checking information may be incorrect. [C:\Users\Neutral\Documents\TR sisdig\project_2\project_2.srcs\sources_1\new\wwer.vhd:]
WARNING: [filemgmt 56-199] Attempt to get parsing info during refresh. "On-the-fly" syntax checking information may be incorrect. [C:\Users\Neutral\Documents\TR sisdig\project_2\project_2.srcs\sources_1\new\wer.vhd:]
WARNING: [filemgmt 56-199] Attempt to get parsing info during refresh. "On-the-fly" syntax checking information may be incorrect. [C:\Users\Neutral\Documents\TR sisdig\project_2\project_2.srcs\sources_1\new\TR.vhd:]
ERROR: [Common 17-180] Spawn failed: No error
set_property PROBES.FILE {} [get_hw_devices xc7a100t_0]
set_property FULL_PROBES.FILE {} [get_hw_devices xc7a100t_0]
set_property PROGRAM.FILE {C:/Users/Neutral/Documents/TR sisdig/project_2/project_2.runs/impl_1/PmodENC.bit} [get_hw_devices xc7a100t_0]
program_hw_devices [get_hw_devices xc7a100t_0]
INFO: [Labtools 27-3164] End of startup status: HIGH
refresh_hw_device [lindex [get_hw_devices xc7a100t_0] 0]
INFO: [Labtools 27-1434] Device xc7a100t (JTAG device index = 0) is programmed with a design that has no supported debug core(s) in it.
WARNING: [filemgmt 56-199] Attempt to get parsing info during refresh. "On-the-fly" syntax checking information may be incorrect. [C:\Users\Neutral\Documents\TR sisdig\project_2\project_2.srcs\sources_1\new\disp.vhd:]
WARNING: [filemgmt 56-199] Attempt to get parsing info during refresh. "On-the-fly" syntax checking information may be incorrect. [C:\Users\Neutral\Documents\TR sisdig\project_2\project_2.srcs\sources_1\new\wwer.vhd:]
WARNING: [filemgmt 56-199] Attempt to get parsing info during refresh. "On-the-fly" syntax checking information may be incorrect. [C:\Users\Neutral\Documents\TR sisdig\project_2\project_2.srcs\sources_1\new\wer.vhd:]
WARNING: [filemgmt 56-199] Attempt to get parsing info during refresh. "On-the-fly" syntax checking information may be incorrect. [C:\Users\Neutral\Documents\TR sisdig\project_2\project_2.srcs\sources_1\new\TR.vhd:]
WARNING: [filemgmt 56-199] Attempt to get parsing info during refresh. "On-the-fly" syntax checking information may be incorrect. [C:\Users\Neutral\Documents\TR sisdig\project_2\project_2.srcs\sources_1\new\disp.vhd:]
WARNING: [filemgmt 56-199] Attempt to get parsing info during refresh. "On-the-fly" syntax checking information may be incorrect. [C:\Users\Neutral\Documents\TR sisdig\project_2\project_2.srcs\sources_1\new\wwer.vhd:]
WARNING: [filemgmt 56-199] Attempt to get parsing info during refresh. "On-the-fly" syntax checking information may be incorrect. [C:\Users\Neutral\Documents\TR sisdig\project_2\project_2.srcs\sources_1\new\wer.vhd:]
WARNING: [filemgmt 56-199] Attempt to get parsing info during refresh. "On-the-fly" syntax checking information may be incorrect. [C:\Users\Neutral\Documents\TR sisdig\project_2\project_2.srcs\sources_1\new\TR.vhd:]
ERROR: [Common 17-180] Spawn failed: No error
WARNING: [filemgmt 56-199] Attempt to get parsing info during refresh. "On-the-fly" syntax checking information may be incorrect. [C:\Users\Neutral\Documents\TR sisdig\project_2\project_2.srcs\sources_1\new\disp.vhd:]
WARNING: [filemgmt 56-199] Attempt to get parsing info during refresh. "On-the-fly" syntax checking information may be incorrect. [C:\Users\Neutral\Documents\TR sisdig\project_2\project_2.srcs\sources_1\new\wwer.vhd:]
WARNING: [filemgmt 56-199] Attempt to get parsing info during refresh. "On-the-fly" syntax checking information may be incorrect. [C:\Users\Neutral\Documents\TR sisdig\project_2\project_2.srcs\sources_1\new\wer.vhd:]
WARNING: [filemgmt 56-199] Attempt to get parsing info during refresh. "On-the-fly" syntax checking information may be incorrect. [C:\Users\Neutral\Documents\TR sisdig\project_2\project_2.srcs\sources_1\new\TR.vhd:]
ERROR: [Common 17-180] Spawn failed: No error
set_property needs_refresh false [get_runs synth_1]
set_property needs_refresh false [get_runs impl_1]
reset_run impl_1 -prev_step 
launch_runs impl_1 -to_step write_bitstream -jobs 8
[Mon Jan  8 18:58:19 2024] Launched impl_1...
Run output will be captured here: C:/Users/Neutral/Documents/TR sisdig/project_2/project_2.runs/impl_1/runme.log
set_property PROBES.FILE {} [get_hw_devices xc7a100t_0]
set_property FULL_PROBES.FILE {} [get_hw_devices xc7a100t_0]
set_property PROGRAM.FILE {C:/Users/Neutral/Documents/TR sisdig/project_2/project_2.runs/impl_1/PmodENC.bit} [get_hw_devices xc7a100t_0]
program_hw_devices [get_hw_devices xc7a100t_0]
INFO: [Labtools 27-3164] End of startup status: HIGH
refresh_hw_device [lindex [get_hw_devices xc7a100t_0] 0]
INFO: [Labtools 27-1434] Device xc7a100t (JTAG device index = 0) is programmed with a design that has no supported debug core(s) in it.
WARNING: [filemgmt 56-199] Attempt to get parsing info during refresh. "On-the-fly" syntax checking information may be incorrect. [C:\Users\Neutral\Documents\TR sisdig\project_2\project_2.srcs\sources_1\new\disp.vhd:]
WARNING: [filemgmt 56-199] Attempt to get parsing info during refresh. "On-the-fly" syntax checking information may be incorrect. [C:\Users\Neutral\Documents\TR sisdig\project_2\project_2.srcs\sources_1\new\wwer.vhd:]
WARNING: [filemgmt 56-199] Attempt to get parsing info during refresh. "On-the-fly" syntax checking information may be incorrect. [C:\Users\Neutral\Documents\TR sisdig\project_2\project_2.srcs\sources_1\new\wer.vhd:]
WARNING: [filemgmt 56-199] Attempt to get parsing info during refresh. "On-the-fly" syntax checking information may be incorrect. [C:\Users\Neutral\Documents\TR sisdig\project_2\project_2.srcs\sources_1\new\TR.vhd:]
WARNING: [filemgmt 56-199] Attempt to get parsing info during refresh. "On-the-fly" syntax checking information may be incorrect. [C:\Users\Neutral\Documents\TR sisdig\project_2\project_2.srcs\sources_1\new\disp.vhd:]
WARNING: [filemgmt 56-199] Attempt to get parsing info during refresh. "On-the-fly" syntax checking information may be incorrect. [C:\Users\Neutral\Documents\TR sisdig\project_2\project_2.srcs\sources_1\new\wwer.vhd:]
WARNING: [filemgmt 56-199] Attempt to get parsing info during refresh. "On-the-fly" syntax checking information may be incorrect. [C:\Users\Neutral\Documents\TR sisdig\project_2\project_2.srcs\sources_1\new\wer.vhd:]
WARNING: [filemgmt 56-199] Attempt to get parsing info during refresh. "On-the-fly" syntax checking information may be incorrect. [C:\Users\Neutral\Documents\TR sisdig\project_2\project_2.srcs\sources_1\new\TR.vhd:]
ERROR: [Common 17-180] Spawn failed: No error
WARNING: [filemgmt 56-199] Attempt to get parsing info during refresh. "On-the-fly" syntax checking information may be incorrect. [C:\Users\Neutral\Documents\TR sisdig\project_2\project_2.srcs\sources_1\new\disp.vhd:]
WARNING: [filemgmt 56-199] Attempt to get parsing info during refresh. "On-the-fly" syntax checking information may be incorrect. [C:\Users\Neutral\Documents\TR sisdig\project_2\project_2.srcs\sources_1\new\wwer.vhd:]
WARNING: [filemgmt 56-199] Attempt to get parsing info during refresh. "On-the-fly" syntax checking information may be incorrect. [C:\Users\Neutral\Documents\TR sisdig\project_2\project_2.srcs\sources_1\new\wer.vhd:]
WARNING: [filemgmt 56-199] Attempt to get parsing info during refresh. "On-the-fly" syntax checking information may be incorrect. [C:\Users\Neutral\Documents\TR sisdig\project_2\project_2.srcs\sources_1\new\TR.vhd:]
ERROR: [Common 17-180] Spawn failed: No error
refresh_hw_device [lindex [get_hw_devices xc7a100t_0] 0]
INFO: [Labtools 27-1434] Device xc7a100t (JTAG device index = 0) is programmed with a design that has no supported debug core(s) in it.
set_property needs_refresh false [get_runs synth_1]
set_property needs_refresh false [get_runs impl_1]
refresh_hw_device [lindex [get_hw_devices xc7a100t_0] 0]
INFO: [Labtools 27-1434] Device xc7a100t (JTAG device index = 0) is programmed with a design that has no supported debug core(s) in it.
set_property PROBES.FILE {} [get_hw_devices xc7a100t_0]
set_property FULL_PROBES.FILE {} [get_hw_devices xc7a100t_0]
set_property PROGRAM.FILE {C:/Users/Neutral/Documents/TR sisdig/project_2/project_2.runs/impl_1/PmodENC.bit} [get_hw_devices xc7a100t_0]
program_hw_devices [get_hw_devices xc7a100t_0]
INFO: [Labtools 27-3164] End of startup status: HIGH
refresh_hw_device [lindex [get_hw_devices xc7a100t_0] 0]
INFO: [Labtools 27-1434] Device xc7a100t (JTAG device index = 0) is programmed with a design that has no supported debug core(s) in it.
WARNING: [filemgmt 56-199] Attempt to get parsing info during refresh. "On-the-fly" syntax checking information may be incorrect. [C:\Users\Neutral\Documents\TR sisdig\project_2\project_2.srcs\sources_1\new\disp.vhd:]
WARNING: [filemgmt 56-199] Attempt to get parsing info during refresh. "On-the-fly" syntax checking information may be incorrect. [C:\Users\Neutral\Documents\TR sisdig\project_2\project_2.srcs\sources_1\new\wwer.vhd:]
WARNING: [filemgmt 56-199] Attempt to get parsing info during refresh. "On-the-fly" syntax checking information may be incorrect. [C:\Users\Neutral\Documents\TR sisdig\project_2\project_2.srcs\sources_1\new\wer.vhd:]
WARNING: [filemgmt 56-199] Attempt to get parsing info during refresh. "On-the-fly" syntax checking information may be incorrect. [C:\Users\Neutral\Documents\TR sisdig\project_2\project_2.srcs\sources_1\new\TR.vhd:]
WARNING: [filemgmt 56-199] Attempt to get parsing info during refresh. "On-the-fly" syntax checking information may be incorrect. [C:\Users\Neutral\Documents\TR sisdig\project_2\project_2.srcs\sources_1\new\disp.vhd:]
WARNING: [filemgmt 56-199] Attempt to get parsing info during refresh. "On-the-fly" syntax checking information may be incorrect. [C:\Users\Neutral\Documents\TR sisdig\project_2\project_2.srcs\sources_1\new\wwer.vhd:]
WARNING: [filemgmt 56-199] Attempt to get parsing info during refresh. "On-the-fly" syntax checking information may be incorrect. [C:\Users\Neutral\Documents\TR sisdig\project_2\project_2.srcs\sources_1\new\wer.vhd:]
WARNING: [filemgmt 56-199] Attempt to get parsing info during refresh. "On-the-fly" syntax checking information may be incorrect. [C:\Users\Neutral\Documents\TR sisdig\project_2\project_2.srcs\sources_1\new\TR.vhd:]
ERROR: [Common 17-180] Spawn failed: No error
ERROR: [Common 17-180] Spawn failed: No error
set_property needs_refresh false [get_runs synth_1]
set_property needs_refresh false [get_runs impl_1]
set_property PROBES.FILE {} [get_hw_devices xc7a100t_0]
set_property FULL_PROBES.FILE {} [get_hw_devices xc7a100t_0]
set_property PROGRAM.FILE {C:/Users/Neutral/Documents/TR sisdig/project_2/project_2.runs/impl_1/PmodENC.bit} [get_hw_devices xc7a100t_0]
program_hw_devices [get_hw_devices xc7a100t_0]
INFO: [Labtools 27-3164] End of startup status: HIGH
refresh_hw_device [lindex [get_hw_devices xc7a100t_0] 0]
INFO: [Labtools 27-1434] Device xc7a100t (JTAG device index = 0) is programmed with a design that has no supported debug core(s) in it.
WARNING: [filemgmt 56-199] Attempt to get parsing info during refresh. "On-the-fly" syntax checking information may be incorrect. [C:\Users\Neutral\Documents\TR sisdig\project_2\project_2.srcs\sources_1\new\disp.vhd:]
WARNING: [filemgmt 56-199] Attempt to get parsing info during refresh. "On-the-fly" syntax checking information may be incorrect. [C:\Users\Neutral\Documents\TR sisdig\project_2\project_2.srcs\sources_1\new\wwer.vhd:]
WARNING: [filemgmt 56-199] Attempt to get parsing info during refresh. "On-the-fly" syntax checking information may be incorrect. [C:\Users\Neutral\Documents\TR sisdig\project_2\project_2.srcs\sources_1\new\wer.vhd:]
WARNING: [filemgmt 56-199] Attempt to get parsing info during refresh. "On-the-fly" syntax checking information may be incorrect. [C:\Users\Neutral\Documents\TR sisdig\project_2\project_2.srcs\sources_1\new\TR.vhd:]
WARNING: [filemgmt 56-199] Attempt to get parsing info during refresh. "On-the-fly" syntax checking information may be incorrect. [C:\Users\Neutral\Documents\TR sisdig\project_2\project_2.srcs\sources_1\new\disp.vhd:]
WARNING: [filemgmt 56-199] Attempt to get parsing info during refresh. "On-the-fly" syntax checking information may be incorrect. [C:\Users\Neutral\Documents\TR sisdig\project_2\project_2.srcs\sources_1\new\wwer.vhd:]
WARNING: [filemgmt 56-199] Attempt to get parsing info during refresh. "On-the-fly" syntax checking information may be incorrect. [C:\Users\Neutral\Documents\TR sisdig\project_2\project_2.srcs\sources_1\new\wer.vhd:]
WARNING: [filemgmt 56-199] Attempt to get parsing info during refresh. "On-the-fly" syntax checking information may be incorrect. [C:\Users\Neutral\Documents\TR sisdig\project_2\project_2.srcs\sources_1\new\TR.vhd:]
ERROR: [Common 17-180] Spawn failed: No error
WARNING: [filemgmt 56-199] Attempt to get parsing info during refresh. "On-the-fly" syntax checking information may be incorrect. [C:\Users\Neutral\Documents\TR sisdig\project_2\project_2.srcs\sources_1\new\disp.vhd:]
WARNING: [filemgmt 56-199] Attempt to get parsing info during refresh. "On-the-fly" syntax checking information may be incorrect. [C:\Users\Neutral\Documents\TR sisdig\project_2\project_2.srcs\sources_1\new\wwer.vhd:]
WARNING: [filemgmt 56-199] Attempt to get parsing info during refresh. "On-the-fly" syntax checking information may be incorrect. [C:\Users\Neutral\Documents\TR sisdig\project_2\project_2.srcs\sources_1\new\wer.vhd:]
WARNING: [filemgmt 56-199] Attempt to get parsing info during refresh. "On-the-fly" syntax checking information may be incorrect. [C:\Users\Neutral\Documents\TR sisdig\project_2\project_2.srcs\sources_1\new\TR.vhd:]
ERROR: [Common 17-180] Spawn failed: No error
exit
INFO: [Common 17-206] Exiting Vivado at Mon Jan  8 19:21:38 2024...
